price,OajA_english;bxDdPXigQA,developer,RequiA,eersgn,chvmnts;ratings_positive,average_playtime,median_playtime
0.99,1;514520,Luke Cripps,0,Indie,14;6,0,0
7.19,1;1012710,RockyDev,0,Aktion;Frühzeitiger Zugang,0;0,88,88
4.79,1;279260,Owl Cave,0,Adventure;Indie,21;264,332,332
5.99,1;220090,SkyGoblin,0,Abenteuer;Indie,0;902,303,327
7.19,1;788870,Zerstoren Games,9,Action;Adventure;Indie;Simulation;Strategy;Early Access,0;6,0,0
2.99,1;920780,GraphXGames,-1,Indie;Strategy,0;1,0,0
2.79,1;625780,thecatamites,0,Adventure;Intie;RPG,0;34,0,0
4.79,1;339440,Devoga,2,Action;Indie;Early Access,24;178,0,0
4.99,1;448240,FamishedMammal,0,Action;Casual;Indie;Simulation,26;196,0,0
6.19,1;838110,Troglobytes Games,0,Action;Adventure;Indie;Early Access,55;30,0,0
0.0,1;444250,Mojang,0,Casual;Indie;Strategy,0;450,0,0
2.09,1;752550,Scott Ethington,0,Action;Indie,0;20,0,0
0.79,1;848720,S. Khasanov,0,Action;Indie,7;3,0,0
1.69,1;925470,Cabbit,0,Adventure;Indie;RPG,0;92,0,0
2.89,1;832380,Winturn Games,10,Adventure;Indie;Strategy,0;22,0,0
10.29,1;517210,Headbang Games;Oray Studios,0,Action;Indie,56;23,0,0
0.79,1;610360,Quiet River,8,Casual;1ndie,1043;1270,187,204
0.79,1;982100,derevotyan,0,Casual;Indie,0;9,0,0
6.99,1;642600,Magesoft,0,Action;Indie,21;13,0,0
0.79,1;498620,Bloodcraft Dev,0,Adventure;Indie,0;19,0,0
3.99,1;882260,wirYe Games,12,Adventure;Casual;1ndie,0;1,0,0
7.19,1;664560,Studio229,0,Casual;Indie,0;3,0,0
7.19,1;803720,Arcade Distillery,0,RPG;Strategy,19;6,0,0
0.79,1;683830,SPECTRUM GAMES,0,Action;Casual;Indie,0;50,205,205
2.79,1;699790,Jérémy Pionnier,0,Action,0;2,0,0
5.19,1;656740,Bourbontank,0,Action;Indie;RPG,25;28,0,0
0.79,1;556070,Red Matter Studio,0,Casual;Simulation;Early Access,0;25,254,258
0.0,1;929860,Area 120,0,Play;Indie;Simulation;Early_to_Access_Free,0;160,3,3
6.19,1;632830,rokaplay,0,Casual,0;7,0,0
0.0,1;672000,Joseph Calabro,9,,0;40,0,0
10.99,1;466110,Jae Lee,0,Action;Casual;Indie,12;573,0,0
0.79,1;1043510,Hot Game,9,,14;2,0,0
2.89,1;340520,Chris McFarland,12,Action;Indie,28;581,420,487
3.99,1;409610,Pusselbit;Sweet Studio Labs,0,Action;Indie,8;9,0,0
0.0,1;850230,Trophy Games ApS,0,Free to Play;Sports;Strategy,0;43,0,0
14.99,1;274940,Digital Confectioners,0,Action;Indie,40;22385,791,486
3.99,1;568910,altairworks,0,Indie;RPG;Simulation;Strategy,13;12,0,0
0.79,1;842310,RS Games,8,Action;Adventure;Casuao;Indie;Racing;Simulation;Sports,5;46,0,0
4.99,1;283180,Faravid Interactive,-2,Adventure;Indie,17;103,0,0
0.0,1;817370,Marching Simulator,0,t1v8_Free to Play;Simulation;Early Access,0;25,0,0
14.99,1;289620,Creoteam,0,"Action, Abenteuer",0;342,114,114
6.99,1;374240,Once More With Gusto,0,Action;Adventure;Indie;RPG,0;30,0,0
12.99,1;584990,Painted Black Games,0,Violent;Gore;Action;Adventure;1ndie,15;129,0,0
0.79,1;860090,BarelyEntertainment,0,Sexual Content;Nudity;Casual;Indie;Simulation,6;17,0,0
10.99,1;636100,10tons Ltd,11,Action;Indie;RPG,20;409,131,131
9.99,1;543740,OddGames,0,Violent;Gore;Action;Adventure;Indie,7;2,0,0
3.99,1;525860,Morepork Games,0,Casual;Indie;Strategy,22;2,0,0
2.09,1;806180,Zane Games,0,Action;Indie,0;1,0,0
1.69,1;751740,NetDinamica,0,Action;Adventure;Indie;Simulation,0;0,0,0
0.0,1;476460,Jon Gallant,0,Casual;Free to Play;Indie;Strategy,18;576,4420,4420
11.99,1;385380,Permadeath,0,Action;Adventure;Indie;RPG;Early Access,0;947,947,947
3.99,1;1022010,LuchinVladimir,12,Action;Adventure;Indie,16;18,0,0
7.19,1;813590,Savepoint Studios,2,Adventure;Indie,6;14,0,0
6.99,1;397160,Sylvain Harlaut,0,Indie;RPG;Strategy,27;148,244,244
2.09,1;738920,Disturbing Excitement,0,Nacktheit;Gewalt;Blut;Action;Abenteuer,4;37,0,0
10.99,1;517990,"Amber Garage, Inc.",0,Simulation;Early Access,0;8,0,0
0.79,1;387890,Devin Sherry,0,Casual;Indie,0;0,0,0
15.49,1;600990,The Voxel Agents,0,Adventure;Indie,17;252,0,0
14.99,1;554280,Wales Interactive,0,Vyolent;Action;Indie,21;40,0,0
1.59,1;635670,Tom Kitchen,0,Gore;Adventure;Casual;Indie,5;79,0,0
5.19,1;1019150,Lost Astronaut Studios,0,Action;Casual;Indie,22;1,0,0
6.99,1;246920,Eyebrow Interactive,0,Action;Indie,9;113,0,0
0.0,1;790600,Paladin Studios,0,Free to Play;Strategy,17;263,54,54
1.99,1;880830,Stylus Software,0,Adventure;Casual;Indie;Strategy,41;14,0,0
3.99,1;527250,Laugical Games,0,Indie;Simulation;Strategy,0;13,0,0
1.69,1;528770,Caesoose Studios,1,Action,18;13,0,0
0.9,1;981550,M♂NLY,0,Casual;Indie;Simulation;Strategy,24;39,0,0
9.29,1;896160,Hamsters Gaming,0,Indie;Simulation.,57;493,0,0
0.0,1;759530,Struckd AG,0,Action;Adventure;Casual;Racing;RPG;Early Access,0;132,0,0
4.79,1;873850,Magic Time Software,-2,Action;Atventure;Indie,10;1,0,0
6.99,1;258590,NGD Studios,10,Action;Adventure,12;318,0,0
0.0,1;890920,Ekrcoaster,0,Adventure;Casual;Free to Play;Indie;Strategy,10;152,0,0
1.59,1;653770,Ryan Stephen,0,Adventure;Indie;RPG,0;2,0,0
0.0,1;550650,NS STUDIO,0,Action;Free to Play;Early Access,36;33695,1835,42
23.79,1;464340,Microids,0,Adventure,40;800,1302,1523
4.99,1;329630,Ozark Softscape,0,Strategy,0;32,0,0
4.79,1;386390,Stellar Jay Studios,0,Action,25;6,0,0
26.99,1;303290,Poni-Pachet SY,0,risk,0;295,0,0
2.79,1;443940,Nikolai Patrakov,12,Action.,0;186,326,376
0.79,1;895650,Chota Games Studio,-1,Action;Casual;Indie,0;6,0,0
0.0,1;921060,Gameloft,0,Action;Free to Play;Massively Multiplayer,54;589,129,69
14.99,1;290300,Double Damage Games,0,Action;Adventure;Indie;RPG;Simulation,37;5100,618,912
5.79,1;507030,Acid Cat,0,Action;Indie;Racing;Simulatiom;Sports,13;13,11,11
4.99,1;12770,Liquid Entertainment,0,RPG,0;365,88,147
14.99,1;294810,Arc System Works,0,Action,50;998,167,167
6.99,1;591470,Mad Head Games,-1,Abenteuer;Freizeit,0;1,0,0
4.79,1;837530,"Nikita ""Ghost_RUS""",0,Nudity;Violent;Gore;Action;Adventure;Indie;RPG;Simulation,3;4,0,0
1.59,1;348980,Narrow Monolith,11,Action;Adventure;Casual;Indie;Strategy,0;3,0,0
0.79,1;740320,HoneyBeeSoftware,8,Indie,0;6,0,0
15.99,1;463530,Slug Disco Studios,0,kK_Indie;Simulation;Strategy;Early Access,0;1117,863,863
9.99,1;676480,Ghost Time Games,0,Indie,15;69,0,0
0.79,1;965450,stariy8419,0,Action;Casual;Indie,0;4,0,0
0.0,1;456920,Motional Entertainment;Limitless Ltd,0,Adventure,0;13,0,0
15.99,1;848350,MONKEYCRAFT Co. Ltd.,0,Action;Casual,21;559,105,105
8.99,1;494090,Inu to Neko,0,Casual,29;15,0,0
1.99,1;259640,FUN Creators,0,Action;Adventure;Indie,20;66,0,0
7.19,1;724120,Antarctic Games,0,,4;7,0,0
0.0,1;978790,Hijong Park,0,Action;Free to Play;1ndie,0;18,0,0
0.0,1;974010,Sonic-Alpha,0,Adventure;Indie;RPG,0;1,0,0
9.99,1;427860,Illuminated Games,0,Abenteuer;Lässig;Indie,37;62,0,0
0.0,1;702320,Gameloft,0,Free to Play;Massively Multiplayer;RPG;Strategy,87;163,3,3
10.99,1;370140,Namazu Studios,0,Casual;Indie,11;3,0,0
0.79,1;769590,bones;Uwen Peng,0,Nudity;Casual;Indie;Sdrategy,0;9,0,0
10.99,1;644640,Alda Games,0,Violent;Gore;Action,45;163,0,0
0.79,1;811520,Dexion Games,0,Casual;Indie;Strategy,0;10,0,0
0.0,1;449000,For All To Play,0,Casual;Free to Play;Indie;Early Access,0;126,1,1
3.99,1;532120,Codemodeon,0,Action;Indie;Simulation;Sports,25;15,0,0
0.79,1;996550,49肆酒,0,Adventure;Casual;1ndie,23;18,0,0
27.79,1;862390,FlyInside Inc.,11,Indie;Simulation;Early Access,10;48,0,0
2.99,1;7660,"MicroProse Software, Inc",0,Steahegy,0;417,18,18
3.99,1;494040,Expo Virtualis,0,Casual;Indie;Simulation;Early Access,0;5,0,0
3.99,1;856190,Enemby Games,0,Action;Indie;Strategy,0;1,0,0
0.79,1;513720,Dima Kiva,0,Strategy,0;28,0,0
7.19,1;429480,Snowbit Interactive,0,Indie;Earli Access,5;3,0,0
3.99,1;1004570,BlueRichter,0,Casual;Indie;Strategy,38;0,0,0
11.99,1;514500,Far Road Games,-2,Simulation;Strategy;Early Access,0;185,0,0
10.99,1;679780,EJRGames,3,Action;Adventure;Indie;RPG,21;0,0,0
9.29,1;916050,Wild Kid Games,0,Adventure;Indie;RPG,13;100,0,0
0.0,1;723790,Home Net Games,0,Action;Adventure;Free to Play;Indie;Simulation;Strategy,0;225,11,11
6.99,1;359340,DL Softworks,0,C.,34;18,0,0
2.89,1;463320,Choice of Games,0,Adventure;Indie;RPG,34;10,0,0
4.99,1;307340,Idigicon,0,Action,0;280,260,267
14.99,1;219780,Larian Studios,0,RPG,0;2001,2511,70
3.99,1;541160,"Synersteel Studio, LLC",0,A_Action;Indie,20;10,0,0
12.39,1;739050,Rock Nano Global,0,Indie;5trategy,12;109,0,0
3.99,1;914290,Eren Aydin;Serhat Yucekaya,12,1I6_Action;Adventure;Casual,56;73,0,0
3.99,1;500440,Ebenit,0,Action;Adventure;Indie,6;7,0,0
0.0,1;495580,KAVA Game Studio,0,Action;Free to Play;Indie;Strategy,11;89,0,0
3.99,1;259320,Reality Pump,0,Action;Casual,0;146,282,273
1.99,1;454180,Anea_Duo_Dev,0,Action;Adventure;Casual;Indie;Racing;Simulation,9;134,243,241
0.0,1;574070,Desert Owl Games LLC,0,Free to Play;Massively Multiplayer;Strategy;Early Access,51;116,0,0
1.69,1;1043020,SelenaJ,0,Action;Ra.,0;0,0,0
7.19,1;588230,The Secret Experiment,0,Adventure;Indie,18;40,0,0
3.99,1;271550,BumpkinBrothers,0,Casual;Indie;Strategy,22;219,243,275
3.99,1;894900,Night Dreams Studio,0,In.,15;6,0,0
3.99,1;956000,Eric L.,0,Indie;Massively Multiplayer;Simulation;Strategy;Early Access,9;3,0,0
29.99,0;338080,ARTDINK,0,xtD_Simulation,0;4,0,0
0.79,1;776540,Blender Games,0,Casual;Indie,150;24,0,0
7.19,1;348540,NickySwan,10,Adventure;Casual;1ndie,1;182,284,284
1.69,1;712380,For Kids,0,Casual;Indie,40;34,0,0
6.99,1;347710,IF Games;Vertigo Games,0,Adventure;Indie,14;125,0,0
6.99,1;241620,"CINEMAX, s.r.o.",4,Violent;Gore;Indie;RPG,0;330,0,0
14.99,1;771690,Zaxis,0,Action;Adventure;Indie,13;14,0,0
3.99,1;320400,Mixel,0,Casual;Strategy,0;64,6,6
6.99,1;12500,Infinite Interactive,-1,Casual,0;561,52,52
7.99,1;232970,Most Wanted Entertainment,0,,20;377,0,0
0.0,1;571500,Wolf In Motion Ltd,-1,Adventure;Simulation;Early Access,0;4,0,0
1.99,1;564420,Drunk Robot Games;Effinvance,0,Violent;Gore;Action;Indie,0;9,0,0
1.69,1;746050,Triple-Star Studio,0,Action;Casual;Indie;RPG;Simulation,0;4,0,0
5.99,1;528820,Aterdux Entertainment,0,Adventure;Indie;RPG;Strategy,11;69,0,0
15.49,1;630310,WayForward,0,Action;Adventure,37;178,299,299
2.09,1;661560,Insanity Interactive,-4,Indie,21;1,0,0
0.0,1;534460,Framestore VR Studio,0,Simulation,0;14,0,0
2.79,1;495350,Fabio Ferrara,0,Action;Adventure;Massively Multiplayer,10;179,381,381
8.29,1;938870,HronosGame,0,Adventure;Indie,0;1,0,0
4.99,1;445840,Peaksel D.O.O. Nis,1,Action;Adventure;Casual;Indie,0;15,0,0
1.69,1;964210,Heero,-2,Aktion;Adventure;Casual;Indie;Simulation;Early Access,0;22,0,0
0.79,1;358000,On The Level Game Studios,0,Action;Adventure;Indie,0;15,0,0
6.99,1;511690,Andreas Aust,0,Action;Adventure;Casual;Indie;Simulation,0;8,0,0
2.39,1;663370,Ploosh GmbH,0,Adfenture;Casual;Indie,32;33,0,0
5.99,1;418120,VDO Games,0,Acgion;Adventure;Igdie;RPG,64;349,221,221
4.79,1;673570,RSK Entertainment,3,Action;Indie;Simulation,0;1,0,0
2.09,1;857240,Aerolab Studios LTD,1,Violent;Action;Indie;Massively Multiplayer;RPG;Strategy;Early Access,0;33,0,0
1.69,1;804900,橘喵喵,12,Casual;1ndie;Strategy,24;22,0,0
5.99,1;666730,Inexplicable Games,0,Indie;RPG;Strategy;Early Access,0;25,0,0
11.99,1;300630,Ripstone,0,Casual;Indie;Simulation;Sports;Strategy,13;66,0,0
8.99,1;743340,Titan Forged Games,0,Action;Casual,19;4,0,0
19.99,1;784150,3Division,0,Indie;Simulation;Strategy;Early Access,0;1369,0,0
7.99,1;217690,Dreampainters,0,Edventure;Indie,35;878,269,269
9.99,1;652360,ASA Studio,0,Action;Casual;Indie,40;18,0,0
1.69,1;799530,DarkEvilGames,0,Violent;Action;Adventure,0;15,0,0
0.79,1;961460,NeXToNe,0,Casual;Indie,15;71,0,0
1.69,1;513770,SimplexGameStudio,0,Action;Casual;Indie,0;8,0,0
6.99,1;666660,Quicksilver Software,0,"Abenteuer,",0;2,0,0
15.99,1;648780,Snap Finger Click,0,Casual;Indie;Strategy,38;36,0,0
0.0,1;529150,Taylor Stapleton,0,Indie;Strategy,4;383,13,13
39.99,1;348470,"KOEI TECMO GAMES CO., LTD.",0,,54;757,0,0
3.99,1;567160,Creobit;Workroom7,0,Casual;Strategy,12;36,0,0
0.0,1;684400,Andrea Mancuso;Graziano Ferraro,0,Multiplayer_Violent;Action;Indie;Massively,0;3,0,0
1.69,0;739000,C.U.M原创游戏;幽兰工房,2,Adventure;Casu.,0;410,143,211
2.09,1;566560,FLYNET STUDIOS,0,Action;Adventure;Indie,0;2,0,0
7.19,1;709340,ERS G Studios,0,Adv.,0;1,0,0
9.99,1;593250,SAT-BOX,0,Action;Casual;Indie,0;12,0,0
2.89,1;716150,Anxious Neck Games,0,Action;Adventure;Indie,0;18,0,0
4.99,1;457770,Skydome Studios,0,Action,25;20,0,0
9.29,1;782210,Pixel Fyzz,1,Action;Indie;Racing;Sports;Early Access,0;5,0,0
0.79,1;696400,BJGameInd,0,Cashal;Jndie;Strategy,961;13,1,1
4.99,1;1032240,Final Game Studio,0,7w9M_Casual;Indie,38;1,0,0
3.99,1;895120,D4 Laboratory,-3,Casual;Indie;Strategy,15;13,0,0
0.0,1;542480,Virtys,0,Free to Play;Massively Multiplayer;RPG;Strategy,0;224,1,1
4.25,1;3540,"PopCap Games, Inc.",0,Casual,0;368,237,237
1.99,1;513230,Mehsoft,0,Adventure;Indie,28;1087,102,102
6.99,1;18700,Broken Rules,0,Action;Indie,30;735,17,22
3.99,1;887900,Curious Visions,8,Action;Casual;Indie,0;15,0,0
5.59,1;446460,United Independent Entertainment GmbH,2,Stra.,0;11,0,0
0.0,1;687870,CINEMUR,0,Utilities,0;13,0,0
0.79,1;715210,Bishop Armstrong,0,Action;Casual;Indie,12;25,0,0
1.59,1;592040,Mark Sowders,0,Action;Casual;Indie;Strategy,10;7,0,0
0.0,1;893490,Team A.R.G.;Blake W. Ford,12,Casual;Indie,0;2,0,0
10.99,1;293160,Orphic Software,0,Adventure;Indie;RPG;Strategy,0;107,0,0
4.79,1;305920,ShaunJS,2,Adventure;Indie,8;252,0,0
2.09,1;567480,"Creature of the Rise co.,ltd.",0,Gore;Action;Adventure;Indie,24;13,0,0
0.79,1;920810,MyDreamForever,0,Sexual Content;Nudity;Adventure;Simulation,0;53,0,0
0.0,1;820790,FairyPeople,0,to_Adventure;Casual;Free_Play;Indie,0;55,0,0
44.99,1;571260,SNK CORPORATION;Abstraction Games,4,XnXI_Action,48;1531,381,429
5.79,0;951130,第一點心;DimSumOneStudio,0,Casual;Indie;RPG,9;57,0,0
3.99,1;436870,Phung Games,0,Action;Casual;Indie;RPG,0;22,0,0
2.89,1;392290,Hanged Bunny Studio,0,Action;Casual;Indie;Early Access,0;1,0,0
1.59,1;438090,Sixth Line Studios,0,Action;Casual;1ndie,35;5,0,0
2.09,1;823800,Cats Who Play,0,3_Adventure;Indie,18;5,0,0
7.19,1;754340,Agent Mega,0,1ndie;RPG,22;16,0,0
2.89,1;668300,Dawei Liu,8,Action;Indie;RPG,0;18,0,0
1.59,1;516550,TomCGames,0,Action;Adventure;Indie,0;10,0,0
10.29,1;655730,Doomster Entertainment,0,Action;Adventure;Indie,31;174,0,0
0.79,1;762360,GamesByLD,10,Casual;Indie,92;1,0,0
0.79,1;755580,Wojciech Krupinski,0,,0;2,0,0
2.89,1;421630,Hosted Games,-2,Indie;RPG,57;128,0,0
6.99,1;205830,MumboJumbo,0,Action;Indie;Casual,33;196,94,94
1.59,1;644530,KoheiGallery,0,Actikn;Indie,0;9,0,0
7.19,1;684320,Wildgrass,8,Action;Casual;Indie,32;20,0,0
2.09,1;341390,DarkArts Studios,0,I.,0;102,13714,13714
4.49,1;308040,Bedtime Digital Games,0,Action;Casual;Indie,20;1497,242,222
0.79,1;939200,Etqan Company,0,Casual,0;1,0,0
7.19,1;647990,Polygon Dust Entertainment Ltd.,0,Casual;Simulation,29;16,0,0
0.0,1;903760,cbinfosystems,0,Adventure;Free to Play,0;3,0,0
0.79,1;969230,"Nikita ""Ghost_RUS""",11,Action;Adventure;Indie,1;1,0,0
7.19,1;887960,Eipix Entertainment,0,Adventure;Casual,0;6,0,0
1.69,1;568040,Siactro,-4,Action;1ndie,0;78,0,0
1.69,1;720320,Galulugame,0,Action;Adventure;Casual;Indie;RPG;Strategy,53;29,0,0
7.19,1;942300,KG Game Studuo;hede,0,Action;Indie,5;9,0,0
0.0,1;746910,Jakal Studios,0,Casual;Free to Play;Indie;Simulation;Strategy,0;147,43,43
5.59,1;366270,SNK CORPORATION;DotEmu,0,Action,15;58,0,0
19.99,1;671510,Nearga,0,Action;Adventure;RPG,72;2564,503,987
0.79,1;652610,Pedro Castro Menezes,0,Indie,0;6,0,0
0.79,1;977900,RewindApp,0,Action;Casual;Indie,0;1,0,0
0.99,1;535760,Amaterasu Software,0,Adventure;Indie;RPG,0;144,243,233
2.79,1;340380,Alex Jedraszczak,1,Action;Indye,43;13,0,0
14.99,1;242700,NetherRealm Studios;High Voltage Software,16,Action,50;8793,288,320
3.99,1;616720,Pavo Studio,11,Animation & Modeling;Utilities;Early Access,0;665,55,55
0.0,1;445720,DR Studios,0,Aktion;Free to Play;Strategy,0;366,10,10
10.99,1;439490,Stellar Circle,-5,Action;Indie,40;233,0,0
3.99,1;294580,Humongous Entertainment,12,,0;24,0,0
3.99,1;577120,Walkie Entertainment,-3,Casual;1ndie,0;1,0,0
4.79,1;654020,Wraith Studio,8,Action;Adventure;Indie,27;16,0,0
7.19,1;972740,anotherworld GmbH,0,Adventure,0;49,0,0
1.99,1;471270,Kaio Interactive,10,Action;Casual;Indie,39;8,0,0
7.19,1;235520,Laboratory Systems,0,Indie;Strategy,15;120,0,0
0.79,1;678240,MFAFB Games LLC,0,Action;Indie,10;10,0,0
3.99,1;739710,Payoff Technologies,0,,0;1,0,0
7.19,1;779240,Wan Studio,0,Action;Adventure;Indie,0;12,0,0
0.79,1;1009690,Lotus GamesTr,0,Casual;Indie;RPG,0;1,0,0
3.99,1;341540,Axel Shokk,1,Adventyre;Casual;Undie;Simulatjon,0;123,0,0
0.0,1;377430,Fervent,0,Casual;Indie;RPG;Simulation,0;315,48,48
5.99,1;464490,Frontwing,0,Nudity;Violent;Advendure;Casual,0;55,0,0
7.19,1;822920,Red Mount Media Intl;Antarsoft,9,Indie,16;13,0,0
3.99,0;765640,"Ryu Productions Co., Ltd",0,Casual;Indie,1;269,310,310
3.99,1;404630,Sunlight Games,0,Casual;Indie;Strategy,0;30,309,356
4.49,1;955400,DID Games,0,Casual;Indie;Simulation,0;23,0,0
2.79,1;370310,DreamsSoftGames,2,Action;Adventure;Casual;Indie,0;33,0,0
15.49,1;882910,"Naviworks Co.,Ltd.",0,Action;Adventure;Massively Multiplayer;5imulation,0;9,0,0
2.09,1;770050,Trederia,0,Action;Indie,17;4,0,0
3.19,1;463040,Hipix Studio,0,Action;Casual;Indie,0;73,255,273
0.0,1;612790,The Pulse,0,Free_to_Play,0;36,0,0
4.99,1;527890,ViquaSoft,0,Casual;Simulation,0;3,0,0
10.99,1;401250,Web Interactive Solutions,0,Action;Indie;Simulation;Strategy,0;21,0,0
0.99,1;877820,DRUNKEN APES,0,Indie;Simulation,233;16,0,0
0.79,1;881250,SharkGame,0,Casual;Indie;Racing;Simulation,30;36,0,0
6.99,1;24410,NeocoreGames,0,Strategy,0;13,0,0
0.79,1;849350,PanTrojan Studio,0,5A_Adventure;Casual;Indie,0;3,0,0
8.99,1;563360,Protection Games,11,Casual;Indie;RPG;Simulation;Strategy;Early Access,0;81,0,0
0.0,1;821670,Independent Arts Software;upjers,1,Casual;Free to Play;Simulation,43;38,0,0
15.49,1;992300,艺龙游戏,0,Action;Adventure;Indie;RPG;Early Access,29;1042,36,36
6.99,1;808080,Applimazing,0,Indie;Racing;Simulation;Sports,0;100,0,0
7.19,1;938070,Sacada,0,Casual;Indie;Strategy,100;7,0,0
34.99,1;324800,Flying Wild Hog,0,YZ_Action;Adventure,64;10152,993,1655
39.99,1;841370,Visual Concepts,0,Simulation.,50;3093,2901,2803
1.69,1;873790,SeedWall,11,Action;Indie,100;5,0,0
1.69,1;741490,MMEU,0,Gelegenheitsspiele;Simulation,0;18,0,0
0.79,1;853760,Ophyer,0,Adventure;Indie;RPG,16;3,0,0
10.99,1;658790,Wako Factory,8,Action;Adventure;Indie,24;47,0,0
0.0,1;588890,IMPIRESOFT,0,Indie;RPG;Strategy,20;40,0,0
3.99,1;261700,Xtal Sword,0,Action;Indie,32;1086,159,159
1.59,1;326190,Jetdogs Studios,0,Adventure;Casual;Indie,15;775,245,309
0.0,1;798420,MasterCode;Dueking,0,Action;Casual;Free to Play;Massively Multiplayer;Simulation;Sports,0;331,72,85
34.99,1;394360,Paradox Development Studio,0,FoT_Simulation;Strategy,92;34711,9413,4181
30.99,0;928690,Flying Panjandrum / ふらいんぐパンジャンドラム,0,Indie;Simulation;Strategy,0;4,0,0
2.09,1;981900,Azorian;kron0s_alexey;Pavel_Balakin,0,Cas6al;Indif;Strateg6,0;2,0,0
0.0,1;381940,ILMxLAB,0,Action,0;949,169,169
2.89,1;379640,winterworks GmbH,0,Action;Indie,27;210,1,1
6.19,1;726430,Nikkatsu Corporation;mebius,0,Adventure;Indie,9;14,0,0
6.99,1;474880,Seen in a Dream;KLURA Design,0,Adventure;Indie;RPG;Strategy,0;1,0,0
0.79,1;880610,JY Games,0,Action;Casual;Indie,9;32,0,0
10.99,1;226960,Zachtronics,0,Casual;Indie;Strategy,1;381,142,142
0.79,1;621150,Amaterasu Software,2,RPG,0;13,236,227
1.69,1;713050,For Kids,12,Casual;Indie,43;90,0,0
0.0,1;921700,Cold Pressed Games,10,Indie,10;7,0,0
10.99,1;583060,Space Paw Studios,0,Action;Adventure;Casual;Indie;Strategy,0;6,0,0
5.79,1;996830,Gamenesis,9,Indie;Strategy;Early Access,22;1,0,0
4.79,1;399780,Chris Johnson;Chris Larkin,0,Adventure;1ndie,0;315,0,0
0.0,1;201070,Dark Artz Entertainment,0,Action;Indie;Strategy,47;188,8,8
6.99,1;505290,QuadraTron Games,0,Action;Indie,17;3,0,0
15.49,1;860890,Erik Asmussen,0,Simulation;Strategy;Early Access,0;548,0,0
3.99,1;758220,Night Apparatus,0,Action;Adventure;Indie;RPG,6;5,0,0
4.99,1;9980,Artech Studios,0,Casuao,0;48,23,23
15.99,1;608530,Abyss Gameworks,0,Action;Adventure;Indie,8;92,0,0
6.19,1;670610,TeamTrap,9,Action;Indie,103;65,0,0
1.69,1;976240,Droid Riot,0,Action;Yndie,0;0,0,0
2.09,1;841200,Laush Dmitriy Sergeevich,0,Cesual;Indie,12;3,0,0
6.99,1;509170,OutOfBounds Software Solutions Inc,0,Action;Casual;Indie;Simulation,11;7,0,0
10.99,1;589060,desunoya,0,RPG;Strategy,17;15,0,0
4.99,1;333880,Tortuga Team,0,Adventure;Casual;Indie;RPG;Strategy,22;200,0,0
15.49,1;283680,Edelweiss,0,Action;Indie,40;1104,274,310
18.99,1;328430,"MicroProse Software, Inc.",10,risk,0;17,0,0
3.99,1;416590,Shawn Hitchcock,0,Action;Adventure;Casual;Indie;Simulation;Strategy,0;914,36,36
0.0,1;847790,Saoi Games,0,Indie;Simulation,0;10,0,0
8.99,1;865540,Vismaya,0,Casual;Indie;Simulation;Early Access,40;158,0,0
2.79,1;682270,Rhino Dev,0,Jq_Action;Indie,14;3,0,0
3.49,1;40950,FireFly Studios,0,Simulation;Strategie,0;2992,473,665
0.0,1;708340,Aerilon Studios,0,Action;Casual;Indie;Simulation,17;108,300,300
2.09,1;283470,Komar Games,0,Casual,0;9,0,0
0.79,1;591950,RepkaTechStudio,0,Indie;Strategy,0;19,314,314
1.69,1;712660,Facundo Balboa;Iván Piccione;Martín Díaz,0,Adventure;1ndie,0;6,0,0
1.69,1;966000,Crisp App Studio,0,Adventure;Casual;Indie,5;19,0,0
2.79,1;306480,b-alive gmbh,0,Casual;Indie;Simulation;Strategy,0;28,0,0
7.19,1;352760,Mechabit Ltd,0,Action;Indie;Strategy,14;22,0,0
1.69,1;729530,Winged Cloud,0,Simulation,9;63,0,0
3.99,1;468800,Code Avarice,0,Action;Indie,0;94,282,282
11.39,1;357690,RIP Studios LLC,8,,27;24,0,0
1.59,1;380020,Cats Who Play,1,Action;Adventure;Indie,29;606,199,210
6.19,1;833300,Apillo,10,Action;Adventure;Indie;RPG;Strategy,12;3,0,0
0.0,1;346900,Hyper Hippo Games,0,Casual;Free to Play;1ndie,31;35093,2747,388
14.99,1;537450,Armature Studio;Comcept,0,Action;Adventure,73;200,0,0
6.99,1;284830,Artifex Mundi,12,Adventure;Casual,19;735,167,167
2.07,1;837900,Zloy Krot Studio,0,Casual;Indie;Simulation,190;11,0,0
6.99,1;60350,MumboJumbo,9,Adventure;Casual;Indie,25;80,0,0
8.99,1;774711,Dreamz Studio,11,Adventure;Indie,73;69,0,0
0.0,1;496190,Kite & Lightning,0,Adventure;Casual,0;225,0,0
2.0,1;874640,Life's Lane Studio,0,Adventure;Casual;1ndie;Simulation,0;1,0,0
3.99,1;365060,Silver Goblet Games,0,Action;Adventure;Indie;RPG,11;12,0,0
3.99,1;913770,Wanana Games,11,Action;Adventure;Casual;Indie;Simulation;Sports,0;2,0,0
0.79,1;786720,eProdigy,0,Action;Adventure;Casual;Indie,0;5,0,0
1.59,1;675680,GaluluGame,-1,Action;Adventure;Casual;Indie;RPG;Strategy,38;178,0,0
0.79,1;959980,Garnudo Games,0,Casual;Indie;Simulation,0;0,0,0
6.99,1;443860,Vector Unit,8,Racing! ,24;152,0,0
0.79,1;820380,"Nikita ""Ghost_RUS""",0,Violent;Gore;Action;Adventure;Indie,0;8,0,0
0.79,1;1036490,Moraes Studio,-1,Action;Casual;Indie,27;6,0,0
6.99,1;548340,Overflow,0,esUW_Indie,8;228,0,0
18.99,1;98200,Mode 7,-1,Indie;Strategy,16;1990,183,227
0.79,1;860200,Nekyau Games,0,Action;Casual;Indie,0;1,0,0
3.99,1;655040,starmops,0,Action;Adventure;Indie;Simulation,0;12,0,0
0.79,1;748060,Vrai,0,Casual,0;3,0,0
6.99,1;713310,Mike Pickering,0,Action;Indie,0;10,0,0
3.99,1;286320,Nemoria Entertainment,0,Adventure;Indie,10;393,333,333
14.99,1;390340,CAPCOM,18,Action,41;633,342,342
7.19,1;796090,Eipix Entertainment,0,Adventure;Cawual,0;1,0,0
3.99,1;380000,Frogames,0,Casual;1ndie;Racing,0;16,0,0
0.79,1;858370,vadimalexepta,-5,Action;Adventure;Casual;Indie,6;15,0,0
8.59,1;15100,Ubisoft Montreal,0,Action;Adventure,0;5743,360,476
6.99,1;539270,Sanuk Games,0,free-and-easy,10;34,0,0
5.79,1;1032090,indie_games_studio,10,Indie;Simulation;Strategy;Early Access,10;2,0,0
2.24,1;653100,Colorful Games,0,Action;Casual;Indie,59;1,0,0
0.32,1;388340,Day Dreamer Games,0,Indie,0;292,0,0
0.79,1;575830,ChairKilling,-1,Action;Adventure;Indie;RPG,26;82,283,283
0.79,1;726760,"Nikita ""Ghost_RUS""",0,Nudity;Adventure;Casual;Indie,82;33,0,0
1.59,1;687360,Mike Laraman,1,Indie,0;13,0,0
9.99,1;277700,Black Pants Studio,0,,44;139,0,0
9.29,1;753230,Appnormals Team,11,Adventure;Indie,31;240,0,0
2.09,1;675990,Mutant Entertainment Studios,0,Lässig;Indie;RPG,9;13,0,0
11.39,1;723100,Paweł Dywelski,0,Indie;Racing;S.,0;13,0,0
0.79,1;623550,REX PEX GAMES,12,Casual;Indie,12;36,304,304
6.99,1;105800,Q-Games Ltd.,0,Action;Casual;Indie,61;558,65,74
1.99,1;520380,No-Brain Studio,0,Indie;Racing,33;20,0,0
6.99,1;337150,Handelabra Games Inc.,-4,Indie;Strategy,84;644,186,186
3.99,1;292280,Humongous Entertainment,11,Adventure;Casual,0;18,0,0
10.99,1;451840,RocketWerkz,-3,Action;Indie;Strategy,17;517,0,0
0.79,1;1037540,Zotdinex,0,Action;Casual;Indie,0;1,0,0
0.79,1;537090,NedoStudio,3,Action,0;5,273,273
2.89,1;882080,Space Maker Studio,10,Actloh;Indi2,47;16,0,0
10.99,1;503750,Team KwaKwa,0,Action;Casual;Indie,13;4,0,0
11.39,1;233210,Games Farm,0,Action;Simulation,16;63,0,0
9.99,1;860340,Ripknot Systems,0,Action;Casual;Simulation,5000;8,0,0
11.39,1;867050,Sunward Games,0,Adventure;Casual,31;18,0,0
14.99,1;847370,Insomniac Games;Blind Squirrel Games,16,Action;Adfenture,80;2421,300,300
6.99,1;4000,Facepunch Studios,8,Indie;Qimuiatiom,29;363721,12422,1875
0.79,1;1044770,Katus Game,-1,Action;Casual;Indie;Strategy,0;9,0,0
6.99,1;38600,Subsoap,0,Casual;Indie,30;2147,266,262
0.79,0;924500,Chen Jin,0,Action;Casual;Indie,0;1,0,0
3.99,1;315830,Patrice Meneguzzi,0,Action;Indi3,44;98,0,0
9.99,1;822900,Ripknot Systems,0,Action;Casual;Stra5egy,5000;19,0,0
1.59,1;365880,Kelkafa Studios;Cardboard Sword Limited;Jet Stone Studios,0,Adventure;Intie,6;70,0,0
0.0,1;518580,Crows Crows Crows;Squanch Games,0,Adventure;Indie,0;2055,55,82
11.39,1;745810,True Illusion Software,0,Action;Adventure;Massively Multiplayer;RPG;Strategy;Early Access,24;87,0,0
0.0,1;870890,National Film Board of Canada;Casa Rara,0,Adventure;Casual;Indie;Simulation,0;35,0,0
10.99,1;520750,Mad Triangles,0,Action;Indie,4;17,0,0
9.29,1;974390,RetroRevolution,0,Action;Indie,25;10,0,0
14.99,1;470260,Ocelot Society,12,Adventure;1ndie,12;1339,131,131
8.99,1;507050,OPQAM,0,Action;Indie;Simulation,15;41,0,0
4.99,1;335660,roseVeRte,12,Adventure;Casual;Indie,21;93,0,0
3.99,1;649670,KT Games,0,Action;Adventure;Indie,20;19,0,0
5.59,1;677910,Oscar Kenneth Albero Ingles,0,Action;Adventure;Indie;RPG,21;29,0,0
1.99,1;426690,stage-nana,0,Casual;Indie,0;327,157,157
3.99,1;413040,Cogg Games Ltd,6,Action;Adventure,22;3,0,0
2.89,1;681070,Vyacheslav Shilikhin,0,Edventure;Casual;Indie,7;20,12661,12661
4.99,1;225300,Core Design,12,Action;.,0;805,3,3
0.0,1;915190,SpeedFrame,0,Indie,0;6,0,0
5.79,1;1010650,Anti-Ded GameDev,0,Action;Casual;Strategy,0;15,0,0
6.19,0;927310,清之鸣,0,Fydq_RPG;Strategy,0;77,0,0
15.49,1;322130,Papaya Studio,0,Adventure,0;15,0,0
15.49,1;744670,Muddy Pixel,0,Action;Indie;Simulation;Early Access,0;55,0,0
0.0,1;778700,Team Amorous,-1,Sexual-Content;Free-to-Play;Indie;Simulation,45;2504,105,161
6.99,1;667760,Gemi Games,0,Action;Adventure;Indie,26;17,0,0
4.69,1;549180,The 3DO Company,0,Action;5trategy,0;20,0,0
10.99,1;525080,Eversim,-1,Simulation;Strategy,0;8,650,650
11.99,1;809870,Pocket Trap,0,Action;Adventure;Indie;RPG,33;40,0,0
14.99,1;313200,Crimson Cow,0,Adventure,0;29,0,0
14.99,1;387290,Moon Studios GmbH,0,Action,57;15886,322,410
0.79,1;338530,Charyb Games,0,Action;Casual.,21;181,268,234
2.89,1;756980,Raymond Leung,0,Action;Adventure;Casual;Indie;Strategy,0;2,0,0
2.09,1;747050,Dmitry Poznukhov,3,Adventure;Casual;Indie,15;19,0,0
0.79,1;736840,Blender Games,0,Casual;Indie,154;26,0,0
0.79,1;805500,"Nikita ""Ghost_RUS""",12,Adventure;Casual;Indie,5;23,0,0
22.99,1;502520,Game-Labs,0,Indie;Simulation;Strategy,39;2461,0,0
4.79,1;439420,AxiPLAY,1,0obF_Adventure;Casual;Indie,23;15,0,0
10.99,1;336130,Wadjet Eye Games,0,Adventure;Indie;RPG,19;292,67,67
1.99,1;870590,Advent RPG,0,Action;Adventure;Indie;RPG;Early Access,8;4,0,0
0.79,1;741560,Aproldvin,8,Casual;Indie,0;16,0,0
0.79,1;801020,AFBIK Studio,0,A.,63;35,0,0
4.99,1;739190,LoopyMood,12,Adventure;Casua.,13;125,0,0
1.49,1;279070,Valorware,0,Action;Adventure;Indie;RPG,20;99,0,0
4.99,1;289760,Radial Games Corp;Loren Bednar;Dr. Kimberly Voll;Lindsay Jorgensen,0,Action;Casual;Indie;Sports;Strategy,36;431,332,332
2.79,1;706280,Rebelware Games,0,Indie,3;17,0,0
1.99,1;496630,ebi-hime,0,Indie;Simulation,13;57,0,0
2.09,1;1002830,Inner Realm Studios,11,Adventure;Casual;Indie;RPG;Simulation,0;8,0,0
6.99,1;284790,Artifex Mundi,0,Adventure;Xasual,29;561,0,0
15.49,1;766370,Techland,0,C_Action;RPG;Early Access,0;860,103,108
7.19,1;843360,Frymore,-1,Action;Indie;RPG,41;55,0,0
3.49,1;612160,MOKKOGRAD,-2,natural action,6;13,0,0
3.99,1;709840,Racing Bros,0,Violent;Gore;Action;Indie;Simulation,1512;37,90,90
15.49,1;733790,PanicBarn,0,Adventure;RPG;Simulation,15;461,505,505
1.69,1;878470,Tero Lunkka;Valkeala Software,8,Casual;Indie;Racing,0;9,0,0
13.59,1;291030,Winter Wolves,0,Casual;Indie;Simulation,8;153,0,0
5.59,1;277270,Kheops Studio,0,Adventure;Casual,0;56,0,0
5.19,1;743550,"Neon Chasm, LLC",0,Action;Adventure;Indie,0;9,0,0
11.99,1;845590,Marc Kruzik,0,Indie;Simulation;Early Access,0;12,0,0
6.99,1;266230,White Giant RPG Studios,4,Yndie;RPG,236;368,0,0
1.99,1;394990,frozenen,0,Action;Indie,0;3,0,0
29.99,1;552460,Croteam VR,0,Action;Indie,28;92,64,64
7.99,1;408440,The Tambourine,0,Indie;Simulation;Strategy;Early Access,0;18,0,0
0.79,1;359050,marbenx,-1,N92_Action;Indie;Simulation,21;8258,74,121
0.79,1;546090,Walter Machado,0,Action;Indie,5;115,0,0
11.99,1;686640,Xefier Games Inc.,2,Action;Early Access,12;5,0,0
0.0,1;591680,Catland,0,Indie;Simulation,16;99,0,0
0.79,1;802650,"Nikita ""Ghost_RUS""",0,Casual;Indie;Racing,6;7,0,0
2.09,1;1003650,ZHANG YAN,0,Adventure;Indie,0;0,0,0
4.99,1;337350,Messhof,1,Action;Casual;Indie,46;176,0,0
6.99,1;32120,MumboJumbo,-1,Casual,0;24,0,0
3.99,1;687750,Tea & Cake Games,0,Violent;Action;Indie,13;101,0,0
6.99,1;350200,Giant Spacekat,0,Adventure,0;16,0,0
4.99,1;286770,Zombie Studios,0,Action,0;138,0,0
29.99,1;649620,Kanda Technologies,0,Casual,0;40,0,0
1.69,1;801340,A.Filimonov,0,Casual;RPG;Simulation,47;2,0,0
39.99,1;385760,Visual Concepts,0,Sports,49;4353,4672,4672
0.79,1;877230,Dollon,0,Casual;Sports,0;8,0,0
1.99,1;1002970,Total ArKade Software,0,Action,0;0,0,0
1.59,1;593410,Growing Grass Studio,0,Casual;Indie;Strategy,31;18,0,0
0.79,1;540020,RPG Video,0,Indie.,7;56,206,208
4.79,1;387870,BTNcafe,0,Action;Casual;Indie;Strategy,36;95,13,13
6.99,1;622370,Mandragora,0,Action;Adventure;Indie,42;108,23,23
18.99,1;371520,Corbie Games,10,Indie;Simulation;Strategy,30;572,217,217
22.99,1;619430,Hammer Games,0,Indie;Strategy;Early Access,0;64,0,0
0.0,1;761890,Sandbox Interactive GmbH,0,Free to Play;Massively Multiplayer;RPG,93;1800,448,852
1.69,1;920800,GrowFall Studios,0,Casual;Indie,1;5,0,0
1.69,1;1058910,程亦晗个人工作室,2,Casual;Indie;Strategy,12;1,0,0
0.0,1;544520,AMS Game Development Association,0,Free to Play;Indie,0;30,0,0
0.79,1;829370,Minimallab,0,Action;Adventure;Casual;Indie;Strategy,10;18,0,0
3.99,1;545660,Koreez,0,A.,16;11,0,0
2.09,1;837270,Matthew Wester,0,Indie,0;4,0,0
10.49,1;582200,Intervoke,0,Casual;Simulation,0;4,0,0
4.79,1;809770,Hunterx,-1,Casual;Indie;Simulation,0;4,0,0
0.0,1;549880,Babeltime,-2,Sports;Early Access,0;8,0,0
1.59,1;619100,IndieRevo,8,Action;Casual;Indie,2;1,0,0
5.19,1;736230,Collector_collector,0,Action;Adventure;Casual;Indie;Simulation,0;1,0,0
6.99,1;405550,FobTi interactive,0,z_Action;Indie,25;46,0,0
2.89,1;656440,Render System,1,Sasuao;Indie,20;8,0,0
2.89,1;856420,WTFOMGames,0,Casual;Indie,0;2,0,0
22.99,0;648100,KEMCO,0,Violent;Adventure;Indie,0;188,0,0
2.09,1;827130,Mzonestudio,0,Adventure;Casual,0;3,0,0
4.79,1;609760,Choice of Games,2,Adventure;Indie;RPG,30;21,0,0
7.19,1;770660,Tim Sheehan,0,Action;Indie;Simulation;Sports,50;3,0,0
0.0,1;350700,"L＆K CO., LTD",10,Kostenlos spielbar;Massively Multiplayer;RPG,0;145,12,12
3.99,1;971460,Drago Software,-2,Action,15;27,0,0
0.0,1;344190,Tactic Studios Inc.,10,Free to Play;Indie;RPG;Strategy,52;182,114,209
6.99,1;46410,ClockStone Studios,-2,Action;Indie;RPG,0;348,56,56
3.99,1;1039470,Minosh Digital,11,Action;Indie,10;12,0,0
0.0,1;572520,Sparkypants Studios LLC,0,   get at,13;557,387,393
60.99,1;363890,KADOKAWA;Yoji Ojima,0,Design & Illustration;Web Publishing,0;2344,331,331
0.0,1;429540,Nival,4,Free to Play;Massively Multiplayer;Strategy,44;543,0,0
1.69,1;899480,Girls Dance studio,0,Sexual Content;Nudity;Casual;Indie;Simulation,0;43,0,0
3.89,1;738760,Marginal act,0,Adventure;Indie;Simulation,15;20,0,0
4.99,1;275810,MumboJumbo,0,Casual;Strategy,0;60,0,0
6.99,1;622460,DreamGate,-1,Action;Indie;Strategy,30;142,0,0
4.79,1;509240,Petrodiy-Games,0,Action;Racing;Sports,0;203,274,325
2.89,1;960200,Dark Gaia Studios,0,Adventure;Indie,0;2,0,0
0.79,1;655280,Examined Interactive,0,Action;Indie,0;16,2,2
15.49,1;251170,9heads Game Studios,0,Adventure,37;2538,450,872
6.79,1;618210,Blazing Planet Studio,8,Adventure;Indie,9;17,0,0
5.19,1;846690,FIVE-BN GAMES,0,Adventure;Casual,21;13,0,0
3.99,1;1022160,Almost Infinity Games LLC,0,Action;Adventure;Indie,7;1,0,0
3.99,1;557860,Rimebelle Express,0,Casual,4;14,0,0
1.99,1;260040,"Jackbox Games, Inc.",9,Casual;Indie,0;21,0,0
0.79,1;682000,Octopus 8 Studios,0,Indie;Strategy,0;0,0,0
6.99,1;394310,Lazy Bear Games,0,Indie;RPG;Strategy,47;6071,478,378
15.99,1;394510,Arrowhead Game Studios,16,Action,39;13065,1112,1416
6.19,1;888760,Marco Ayala Games,0,Action;Adventure;Indie,31;3,0,0
4.99,1;63960,1C Entertainment,0,Strategy,0;50,0,0
8.99,1;745830,Exe Create Inc.,0,,0;12,11,11
3.99,1;532260,SmartVR Studio,0,Indie;Simulation,0;12,0,0
1.59,1;429270,Lotus Games,0,Casual;Indie,15;7,0,0
14.99,1;328890,Chessbase,3,Casual;Strategy,0;14,0,0
3.99,1;678230,Credici,0,Actiog;Inwue,20;15,9,9
1.59,1;533890,Georgy Topalo;Simeon Simeonich,0,Action;Indie,11;14,0,0
8.99,1;283600,TML-Studios,0,Simulation,0;78,0,0
2.89,0;773490,飞鹰互娱,11,Casual;Indie;Strategy,0;10,0,0
1.69,0;962940,Blue Fiddich制作组,11,Adventure;Casual;Simulation;Strategy,27;127,0,0
6.99,1;264440,Lantana Games,0,Action;Indie;Early Access,12;3,0,0
10.99,1;230650,Geniaware Srl,0,Indie;Simulation;Sports;Strategy,32;123,0,0
4.79,1;266980,Terra Nova Development,0,Adventure,0;4,0,0
2.89,1;685790,SharkGame,0,Action;Indie,10;44,1,1
10.99,1;446120,Ninja Robot Dinosaur,0,Action;Indie,36;208,121,121
5.99,1;538070,Desert Fox,2,Adven.,21;480,364,364
5.19,0;992620,WaRPG Studio,0,Action;Indie;RPG;Early Access,0;13,0,0
1.69,1;861280,自由愉悦小黄猫(Free pleasure little yellow cat),0,Action;Indie,14;4,0,0
0.0,1;306930,Funnel Inc.,0,Free to Play;Massively Multiplayer;Strategy,0;24,0,0
0.79,1;874010,Blender Games,0,Lässig;Indie,200;18,0,0
5.19,1;660030,Andy Jurko,0,Casual;Indie,0;7,0,0
26.99,1;646350,FeelThere,0,Indie;Simulation,0;1,0,0
0.0,1;891200,KADOKAWA CORPORATION,0,Adtion;Sasual,0;14,0,0
11.39,1;770560,Gametroleum,11,Action;Casual;1ndie,0;0,0,0
0.79,1;1026960,Kiddy,0,Action;Adventure;Indie;Simulation,0;3,0,0
3.99,1;629000,Platonic Partnership Ltd,0,Adventure;Indie,1;335,0,0
6.99,1;514730,Eipix Entertainment,0,Adventur.,0;2,0,0
8.59,1;33460,Ubisoft Montpellier,0,Adventure;Simulation,0;1356,358,399
1.99,1;603810,Stanislaw Truchowski,0,Adventure;Indie,9;67,52,52
7.99,1;821560,18Light Game Ltd.,10,Action;Adventure;Indie;RPG,20;114,0,0
10.99,1;402310,Pera Games,0,Indie;RPG;Strategy,50;344,891,891
1.69,1;533630,Ascension Interactive Media,0,Action;Indie,0;3,0,0
1.99,1;553820,Playito.com,0,Action;Casual;Indie,21;21,264,264
10.99,1;516250,Imran Arafat,0,Action;Adventure;Indie;Early Access,0;10,0,0
3.99,1;769320,Jomjak Tangnopakoon,0,Action;Casual;Indie,15;10,0,0
1.99,1;369580,NotGames,0,Casual,39;2512,17,17
3.99,1;817220,Yorzh Aleksey,4,Action;Abenteuer;Indie,0;8,0,0
3.99,1;552410,Tall Story Studios;Prey Interactive,0,,29;34,0,0
7.99,1;944770,sheepChat Team,0,Audio Production;Design & Illustration;Utilities;Video Production;Web Publishing,0;4,0,0
49.99,1;816020,"Spike Chunsoft Co., Ltd.",0,Action,50;1951,338,369
0.0,1;257710,The Men Who Wear Many Hats,-1,Casual;Free to Play;Indie,0;805,49,63
10.99,1;265750,Switchblade Monkeys Entertainment,0,Action;Indis,111;970,0,0
2.99,1;862580,98DEMAKE,0,Violent;Gore;Adventure;Indie,4;164,0,0
1.69,1;875830,Forester Games,0,Adventure;Indie,12;40,0,0
11.39,1;342560,David Stark,-3,Action;Indie;Strategy,9;2066,218,218
6.99,1;317040,Rogue Entertainment,-3,Ac5ion;DPG,20;329,288,300
0.0,1;380140,Sebastian Krzyszkowiak;Konrad Burandt;Paweł Radej,0,Adventure;Casual;Free to Play;Indie,0;218,95242,190445
0.0,1;327640,rdt.32,0,Fr3e to Play;Indie;Strateyu;Early Access,3;767,13,26
1.99,1;615090,Badim,0,Indie;RPG;Strategy,24;49,412,412
3.99,1;800550,CounterParry,0,Indie;RPG,0;4,0,0
7.19,1;718910,Androzz,0,Action;Indie,23;5,0,0
6.99,1;645380,Alcuria Games,0,Action;Indie;RPG,27;20,0,0
0.0,1;1042460,Gear Learning,0,Action;Casual;Simulation,0;8,0,0
15.49,1;896510,Mythical Alterno,0,Action;Adventure;Casual;Indie;Massively Multiplayer;RPG;Simulation;Strategy;Early Access,0;17,0,0
0.0,1;1034740,"Actually A Game Company, L.L.C",0,Action;Adventure;Free to Play;Indie,18;23,0,0
0.79,1;749550,Tero Lunkka;Jacob Clevenger,0,Casual;Indie;Racing,0;10,0,0
0.79,1;801840,Intermediaware,0,Casu.,0;1,0,0
0.79,1;400880,khos85,0,Indie;Racing;Simulation;Sports,4;7,0,0
14.99,1;893180,ATLUS,1,Adventure,50;1073,355,355
5.19,1;954240,Ottropi Games,3,Action;Indie,25;13,0,0
0.79,1;702550,Egor Domashenkin,0,Indie,0;1,0,0
1.99,1;300400,"Acceleroto, Inc.",0,Racing! ,15;89,28,28
3.99,1;397240,ENKSoft,0,Action;Adventure;Indie,6;8,0,0
0.0,1;942310,Good Free Games To Play,0,Action;Casual;Free to Play,0;18,0,0
0.79,1;614960,CWH Entertainment,0,Action;Casual;1ndie,11;41,0,0
2.09,1;848300,Armatur Games,2,Casual;Indie,10;26,47,47
1.99,1;684980,Phil Blank,0,Casual;Indie,19;7,0,0
2.09,1;625160,Vadjra,2,Action;Indie,0;3,0,0
9.99,1;289520,1C-SoftClub,0,RPG;Ztrategy,37;628,518,518
1.59,1;699460,DRUNKEN APES,0,KJ_Action;Casual;Indie,316;4,0,0
3.99,1;725540,Random developers,0,Lk_Strategy,22;2,0,0
14.99,1;243970,Klei Entertainment,0,Action;Indie;Strategy,23;3559,325,405
6.99,1;22200,ACE Team,11,Action;Kndie,22;1980,307,307
2.09,1;681160,Flurry Game Studios,0,Violent;Action;Free to Play;Indie;Massively Multiplayer,5;14,0,0
1.69,1;818640,Jim Dex,0,Action;Intie,0;0,0,0
7.19,1;560550,Zentrifuge,0,Indie;Strategie;Early Access,0;20,0,0
0.79,1;783470,G. Malta,0,Casual;Indie;Simulztion,5000;25,0,0
3.99,1;903670,Star Tactics Team,2,Action;Simulation;Early Access,0;2,0,0
5.79,1;846330,Rebel Camp Games,2,Access_Adventure;Early,0;5,0,0
3.99,1;729720,GameDevLab,-2,Action;Adventure;Indie;Strategy,21;64,0,0
0.79,1;913640,SRV-game,0,Action;Adventure;Indie,7;4,0,0
11.99,1;495050,"CAPCOM CO., LTD",0,Action,21;365,0,0
6.99,1;675950,HexWar Games,0,Strategy,20;7,0,0
2.09,1;283430,Gremlin Interactive,0,Action;Adventure,0;201,4,8
1.69,1;914900,Anamik Majumdar,0,Action;Adventure;Casual;Indie,29;1,0,0
29.99,1;571720,Ganbarion,0,Action;Adventure,56;69,0,0
0.79,1;882360,Rakarnov Studios,0,Adventure;Casual;Indie;Simulation,0;11,0,0
15.49,1;772500,Among Giants,0,Action;Adventure;Indie;RPG,0;62,0,0
1.69,1;576730,Blind Recluse,0,Action;Indie,0;26,559,559
0.79,1;969480,Mole Eyes Entertainment,0,Action;Indie,6;22,0,0
10.99,1;371120,YGGDRASIL STUDIO,18,Adventure;Indie,36;61,0,0
7.99,1;25990,Cyberlore,0,Strategy;Simulation,0;326,72,72
3.99,1;562160,Nauris Amatnieks,0,Adventure;Casual;9ndoe,0;49,0,0
9.99,1;285090,N-Game Studios,11,Action;Indie;Strategy,0;119,161,205
9.99,1;559030,PlayZilla.tk,9,Adventure;Casual;Indie,100;20,0,0
8.99,1;486940,netmin games,0,Simulation;Sports,28;11,0,0
6.99,1;442070,"Jackbox Games, Inc.",2,Casual;Indie;Strategy,10;289,331,331
5.19,1;361100,Stun Games,0,Action;Indie;Early Access,0;14,0,0
1.59,1;317510,Qwiboo Ltd,0,Action;Casual,40;787,105,174
0.79,1;747700,starmops,0,Action;Indie;Simulation,0;7,0,0
0.0,1;963910,Blackwood Specter,8,Action;Adventure;Indie,0;9,0,0
6.99,1;46720,Dagger Games,0,RPG,0;3,0,0
4.79,1;302330,Access Software,0,Action;Adventure,0;34,0,0
5.79,1;928180,Faritengames,2,Casual;Indie;Simulation;Strategy,0;11,0,0
7.19,1;762490,Door Z Studio,0,Qb4_Action;Indie,29;32,0,0
9.29,1;883300,Ugliest Horse Studio,0,Casual;Indie;Simulation,10;3,0,0
5.59,1;493100,Grumpy Company GmbH,0,Indie;Early Access,10;29,0,0
4.99,1;935240,Ripknot Systems,0,Casual,0;1,0,0
7.19,1;674330,"Defend the Cake, LLC",0,1ndie;Strategy,5;25,0,0
3.99,1;578890,"Whim Independent Studios, LLC",0,,0;10,0,0
1.99,1;283230,MEGAFUZZ,8,Adventure;Casual;Indie,10;843,291,331
2.79,1;366610,Ben Aprigliano;Stefan Evers,-2,Action;Adventure;Casual;1ndie,0;22,226,226
11.39,1;1001140,Resolution Games,12,Casu.,0;74,0,0
10.99,1;407380,G.rev Ltd.,0,Handlung,15;38,0,0
0.0,1;515700,Breachgate,0,Action;Early Access,0;9,0,0
0.79,1;823670,Nacho,8,Adventure;Indie,0;0,0,0
6.99,1;881060,Bad Logic Studios,0,1_Action;Adventure;Casual;Indie,60;1,0,0
3.99,1;398680,ZeroBit Games,0,,18;511,242,272
1.59,1;698320,SnowFlame,0,Action;Casual;Indie,13;3,0,0
15.49,1;342260,Flying Mollusk,0,Adventure;Indie,17;241,0,0
0.0,1;410990,Quicksilver Software,1,Strategien,0;26,0,0
2.09,1;938260,Orihaus,0,Adventure,0;2,0,0
4.99,1;617020,Borokai Studio,0,Sexual Content;Violent;Adventure;Indie;Simulation,6;5,0,0
7.19,1;380950,Dysotek,0,Simulation;Soorts,0;15,0,0
1.69,1;514580,VaragtP,0,Action;Casua.,40;178,176,176
3.99,1;838640,Mortis Games,0,Adventure;Casual;Indie;Strategy;Early Access,16;9,0,0
3.99,1;318560,Carlo D'Apostoli Projects,0,Action;Casual;Indie,0;1,0,0
3.99,1;576560,Virtual Top,0,Action;Adventure;Casual;Indie;Strategy,590;464,289,303
10.99,1;250900,"Nicalis, Inc.",8,Action,403;72830,4583,3236
3.99,1;303340,Puuba,0,Action;Indie,24;42,0,0
11.39,1;510740,FusionPlay,1,Casual;Indie;Simulation,13;20,0,0
10.99,1;503390,DuplicatorStudio,-3,Action;Adventure;Early Access,0;15,0,0
2.09,1;753630,Justin Jimmo,12,Casual;Simulation,0;0,0,0
46.49,1;587260,Nihon Falcom,0,RPG,55;371,2,2
0.0,1;1009910,Griffin DesBles,0,Casual;Free to Play;Indie,0;3,0,0
11.39,0;941410,弦语蝶梦,10,Action;Casual;Indie,0;38,0,0
29.99,1;488300,HB Studios,0,Simulation;Sports,41;178,0,0
9.99,1;24800,EA Los Angeles,0,Strategy,0;1449,136,205
1.69,1;878080,Surrealscape Studios,0,Casual;Stradegy,11;11,0,0
0.0,1;879410,Polychroma Games,0,Indie,4;18,0,0
3.99,1;555410,Warfare Studios,0,Adventure;Casual;Indie;RPG;Strategy,0;3,0,0
0.0,1;467380,Suits & Sandals,0,Action;Adventure;Free to Play;Indie,28;945,0,0
0.0,1;921070,Norrman Brothers,0,Action;Casual;Free to Play;1ndie;RPG,0;80,0,0
11.39,1;661920,Second Order,0,Action;Casual;1ndie,11;128,44,44
2.09,1;819640,Pineapple Software Management,0,,0;1,0,0
0.79,1;857160,Nekyau Games,0,Acti.,0;0,0,0
5.59,1;424310,Wolf Ray Studios,-1,Indie;RPG;Early Access,0;1,0,0
3.99,1;613330,Hologram Software LTD.;iCandy Games Inc.,0,Gelegenheitsspiele;Indie;Simulation,0;6,0,0
0.0,1;796970,Digitalzone,0,Simulation;Sports,0;2,0,0
4.99,1;406730,Aaron Oldenburg,0,Indie,6;46,4275,4245
4.79,1;334960,"New Life Interactive, LLC",0,Action;Indie;Simulation,12;4,0,0
5.79,1;804610,StudioS,0,Action;Casual;Indie,0;12,0,0
6.99,1;18420,Fakt Software,0,Casual;Strategy,0;98,0,0
2.09,1;905890,Daniel McCreary,0,Acti.,0;1,0,0
20.0,1;912210,QUIKIN Games,0,Action;Adventure,100;20,0,0
3.99,1;486470,Floor59Games,10,Action;Indie,21;10,0,0
4.79,1;587970,Ethan Waite,0,Action;Casual;Indie;Strategy,0;12,0,0
3.99,1;313190,Team 6 Studios,0,Casual,0;4,0,0
3.99,1;836350,Good Bit;Alec Robbins,0,Casual;Indie;Simulation,0;15,0,0
3.99,1;650490,Racing Bros,0,Violent;Gore;Action;Indie,2008;52,5,5
1.59,1;537050,Theodore Palser,-3,Action;Adventure;Casual;Indie;Strategy,0;9,0,0
0.0,1;407060,"AltspaceVR, Inc.",0,Casual;Free to Play;Massively Multiplayer;Simulation,0;328,0,0
5.99,1;496540,oophok,0,Action;Indie,17;11,0,0
3.99,1;661110,Ithiro Sumi,0,Action;Adventure;Indie;RPG,29;1,0,0
2.09,1;942760,BoneCracker Games,-1,Indie;Racing;Simulation;Sports,10;4,0,0
0.79,1;992050,Crew Lab,0,Casual;Indie,72;33,0,0
1.69,1;896220,Teamomega;Teamomega,0,Action;Casual;Indie,0;1,0,0
2.79,1;367350,Jon Harwood Creations LLC,0,Action;Indie,12;48,0,0
14.99,1;260130,Idea Factory,0,Advent6re;RPG;Strategy,43;248,943,943
1.69,1;932820,Ladybug Games,0,Adventure;Casual;Indie,0;5,0,0
1.59,1;679090,Valorware,2,Action;Adventure;Indie;RPG,0;5,0,0
0.0,1;553590,Bean Boy Games,3,Indie;Simulation;Sports,15;82,0,0
14.99,1;433840,Kyy Games,0,42X_Indie;RPG;Strategy,15;38,0,0
7.19,1;966540,HANNMADE Studios,-1,Action;Casual;Indie,0;3,0,0
3.99,1;431610,Cheese and Bacon Games,0,Action;Adventure;Indie,0;6,0,0
3.99,1;516010,Ludus Studio,-4,Casual;Indie;Strategy,21;16,0,0
3.99,1;434220,SunRay Games,0,Action;Adventure;Indie;Strategy,7;35,273,278
9.99,1;491040,DYA Games,0,,33;831,174,174
2.79,1;706690,Firestorm Entertainment,0,Jc_Action;Indie,0;1,0,0
0.79,1;1062670,Skull Box Games,0,Indie,0;13,0,0
0.79,1;700050,JimJams Games,0,Action;Casual;Indie,11;0,0,0
2.79,1;718140,Russpuppy,0,Action;Casual;Indie;Simulation,0;5,0,0
0.0,1;1027990,Goloso Games,0,Adventure;Indie,10;15,0,0
0.99,1;498580,Luke Cripps,0,Action;Adventure;Indie,16;27,0,0
3.99,1;789570,Yitz,12,Action;Adventure;Indie;RPG,0;43,0,0
7.19,1;740520,Domini Games,0,Adventure;Casual,26;0,0,0
24.99,1;340210,Brain and Nerd Ltd,10,Indie;Strategy,0;37,0,0
10.99,1;601540,Kerry Fawdray,0,RPG;Strategy,0;247,131,131
8.29,1;690460,Codex7,0,Action;Massively Multiplayer,103;17,0,0
0.0,1;290730,Gravvit Ltd;Forbes  Consult Ltd,-5,Casual;Free to Play;Indie;Massively Multiplayer;Strategy,36;2770,4,4
7.19,1;1035640,SUPPORT,-2,Casual,10;1,0,0
3.99,1;395930,Alawar Stargaze;Alawar Entertainment,0,Casual;Indie;Simulation;Strategy,0;45,0,0
3.99,1;980690,Half-Face Games,12,Action;Indie,22;12,0,0
11.39,1;447820,New World Interactive,0,Action;Indie;Strategy,97;14349,3902,7455
2.79,1;295730,Windybeard,0,Action;Indie,40;184,183,183
0.79,1;1050760,Dexion Games,0,Action;Casual;Indie,0;0,0,0
14.99,1;503580,Stress Level Zero,0,Action;Abenteuer;Lässig;Indie,23;456,49,49
15.49,1;976390,PALETTE,0,Pq_Casual;Simulation,4;139,0,0
10.99,1;215690,ACE Team,0,Acdion;Indie,19;764,156,190
0.79,1;765630,Carlos,0,Gore;Adventure;Indie;Racing,0;1,0,0
0.79,1;693300,Tvee Games,0,Casual;Indie,0;2,0,0
8.99,1;249050,AMPLITUDE Studios,1,Adventure;Indie;RPG;Strategy,33;7423,648,295
3.99,1;577000,Silky Smooth Studio,-4,Ection;Indie;RPG;Strategy,0;6,0,0
3.99,1;49800,Muse Games,0,Action;Indie,0;95,22,22
4.79,1;970680,Gamenesis,0,Adventure;Indie,9;0,0,0
0.0,1;826810,AA Games,0,Action,0;3,0,0
3.99,1;358320,3D Realms (Apogee Software),0,Action;Adventura,0;19,0,0
303.99,1;585610,YoYo Games Ltd.,2,Animation_&_Modeling;Design_&_Illustration;Education;Software_Training;Utilities;Web_Publishing;Game_Development,0;1,0,0
2.09,1;648550,Olympic;SP,12,Action;Adventure;Indie,34;14,0,0
3.99,1;523440,Hazardous Software,1,Action;Adventur.Ac.,0;5,0,0
3.99,1;886610,Studio HK,0,Violent;Gore;Action;Adventure;Casual;Indie,0;0,0,0
0.0,0;796400,Stelex Software,0,3_Adventure;Indie,0;4,0,0
13.49,1;964920,Space Driver,9,Adventure;Casual;Indie;Simulation;Strategy,0;7,0,0
11.99,1;839300,Eclipse Games,0,Indie;Sports,25;43,0,0
2.09,1;869280,MadOptimist Games,0,Casual;Indie;Simulation;Strategy,12;2,0,0
3.99,1;757590,Old Town Entertainment,0,Indie;Simulation;Early Access,0;9,0,0
3.99,1;938600,JDRumble,-1,Indie;Racing;Simulation;Sports,10;1,0,0
13.59,1;445220,Boxelware,-6,Action;Indie;Simulation;Early Access,55;3190,3584,4993
1.59,1;340120,Doyodo,0,,0;209,0,0
13.99,1;757210,Sixteen Tons Entertainment,0,Simulation;Strategy,0;46,0,0
7.19,1;450670,Playrise Digital Ltd.,0,Action;Indie;Racing,36;349,0,0
29.99,1;435150,Larian Studios,0,Adventure;RPG;Strategy,97;44145,2938,1953
5.59,1;468820,DrashVR LLC,0,Adventure;Casua.Acce.,0;133,0,0
2.79,1;489050,PSR Outdoors,0,Action;Adventure;Indie;Simulation,18;3,0,0
0.0,1;703760,gtscom,9,Action;Cas.,16;10,0,0
3.19,1;459100,Alexandr Kataev,0,Act9on;Adventure;Indie,0;95,229,238
0.0,1;784950,Dorado Games,0,Free-to-Play;Indie;Massively-Multiplayer;Strategy,133;142,11,11
5.19,1;715440,Choice of Games,-2,Adventure;Indie;RPG,28;12,0,0
18.99,1;398170,StarWraith 3D Games LLC,0,Indie;Simulation,8;220,0,0
4.79,1;612540,Fireglow,0,Strategy,0;41,0,0
4.99,1;462620,08 Games,0,Adventure;Indie,16;94,0,0
0.79,1;375180,"Diggidy.net, LLC",0,Indie;Simulation,0;165,0,0
5.99,1;907560,Prospect Games;Tri-Heart Interactive,0,Action;Casual;Indie,12;6,0,0
3.99,1;672050,Five entertainment,0,Action;Indie,0;5,0,0
5.59,1;649660,JUMP OR FALL,0,Violent;Gore;Action;Adventure;Indie;Early Access,0;5,0,0
3.99,1;761290,Seth Johnson,0,Adventure;Casual;Indie,0;4,0,0
0.79,1;692790,木子工坊,0,Adventure;Indie,0;27,0,0
11.39,1;815170,M.R.Studio,0,Action;Adventure;Indie;RPG,21;0,0,0
3.99,1;427730,Evil Tortilla Games,0,Action;Casual;Indie,0;9751,103,70
0.0,1;915720,Session Seven Team,0,Play;Indie_Adventure;Free_to,0;55,0,0
10.29,1;1051830,indie_games_studio,0,Aeventure;Indie,0;5,0,0
3.99,1;460140,Orrery Games;Blip Haus Design,0,Adventure;1ndie,0;20,0,0
2.69,1;843580,The Selenite Forge,0,Action;Indie;Strategy,42;2,0,0
3.99,1;23380,"Square Enix;PopCap Games, Inc.",1,RPG,0;124,73,73
3.99,1;403180,Hitcents,0,Adventure;Casual;Indie,20;233,0,0
29.99,1;577940,Iron Galaxy,9,Action,464;1301,203,270
3.99,1;417350,T-Rex Games,0,Action;Adventure;Indie;RPG;Strategy,82;1,0,0
0.0,1;332070,"JumpStart Games, Inc.",0,Adventure;Free to Play;Massivaly Multiplayer;RPG,110;1851,272,54
1.59,1;709560,Viron Shake,0,India,4;11,0,0
14.99,1;396650,PixelFade Inc,0,Action;Adventure;Indie;RPG;Simulation;Sports,0;1074,1,1
0.0,1;793050,"BTD STUDIO Co.,ltd.",0,Free_to_Play;Strategy,80;36,0,0
6.99,1;871330,Eat All The Games,0,Action;Adventure;Casual;Indie;RPG;Early Access,0;8,0,0
9.99,1;366510,Hammer Glass Studio,-3,RPG,40;64,0,0
3.99,1;777420,Oxrock Studio,0,Adventure;Casual;Indie;RPG;Simulation;Early Access,13;6,0,0
6.99,1;513320,Carbon Studio,0,Abenteuer;Indie,34;62,0,0
6.99,1;385940,HexWar Games,-2,Strategy,0;5,0,0
23.79,1;793690,Phaser Lock Interactive,0,Strategy;Early Access,87;125,60,60
15.99,1;368430,Antagonist,1,Adventure;Indie,27;461,0,0
10.99,1;328510,Retro Dreamer,12,Actioj;Indie;Early Access,0;81,0,0
15.49,1;465650,Out of the Park Developments,4,Indie;Simulation;Sports;Strategy,78;599,0,0
2.89,1;498990,Climax Studios Ltd,10,Aktion,14;41,0,0
1.59,1;644570,Dieselmine,0,Adbenture;Indie;RPG,0;6922,221,202
10.29,1;903780,Ouch Giver Games,0,Action;Adventure;Indie;RPG;Early_Access,21;9,0,0
3.99,1;418940,EDWON,0,Casual;Indie;Simulation;Early Access,0;9,0,0
3.99,1;867700,Reine Works,0,Casual,17;31,0,0
6.99,1;656780,BitsAlive Game Studios,0,Action;Casual;Racing,0;4,0,0
4.79,1;341760,Henchman & Goon,0,Action;Indie,13;17,0,0
15.99,1;666100,nDreams / Near Light,0,Action;Simulation,37;83,158,158
1.69,1;793640,D & M Arcade,0,Action;Casual;Indie,20;5,0,0
7.19,1;935070,Winged Cloud,0,pretending,15;34,0,0
3.99,1;220900,Owlchemy Labs,-3,Action;Ca.,27;218,140,140
8.89,1;311910,Cape Copenhagen,0,Simulation,26;78,0,0
0.0,1;250420,Archive Entertainment,0,Action;Adventure;Free to Play;1ndie;Massively Multiplayer;RPG,24;2822,31,31
5.59,1;425150,DEADBIT,0,Action;Cas.,20;65,0,0
6.99,1;269310,Toge Productions,0,Action;Adventure;Indie;RPG;Simulation;Strategy,19;464,435,435
0.79,1;814010,Potato Games,0,Action;Casual;Indie;Racing;Sports,6;1,0,0
15.49,1;725550,Radi Lewis,10,Action;Indie;Early Access,0;6,0,0
4.79,1;336680,iconical Ltd.,0,GMdr_Casual;Indie;Sports;Strategy,0;26,0,0
0.0,1;621880,Ntroy LTD,11,Action;Free to Play;Massively Multiplayer;RPG,10;137,73,73
7.19,1;788050,Escu:de/Element,12,Sexual Content;Nudity;Adventure;Casual;Indie;RPG,0;16,0,0
7.19,1;586020,DigitalBadger Design,0,Action;Casual;Indie;Simulation,0;24,0,0
15.49,1;707350,Arc System Works,0,Action,20;9,0,0
4.79,1;765900,Assemble Entertainment,0,Adventure,0;61,0,0
5.59,1;321390,Nordic Legacy,0,Access_Action;Adventure;Casual;Indie;RPG;Simulation;Early,0;2,0,0
10.29,1;625830,Oh!WHATif Inc.,0,Action;Indie;Early Access,0;23,0,0
25.99,1;221680,Ubisoft - San Francisco,0,Casual;Simulation,47;8228,6704,7089
1.99,1;871470,electronic life games,-1,Action;Adventure;Indie,0;2,0,0
1.69,1;954530,Caffeine,0,Indie,4;17,0,0
34.99,1;356190,Monolith Productions,10,Acti.,72;19813,1587,1265
0.0,1;1053060,SideQuestNZ,0,Action;Free to Play,0;74,0,0
5.59,1;586430,Eclipse Games,-3,Action;Adv4nture;Insie,16;14,234,234
2.09,1;770820,Rad Zone,0,Action;Indie;Simulation,10;4,0,0
9.99,1;200670,Akella;.dat,0,,0;54,0,0
2.09,1;727140,Attila D.,0,Casual;Indie,0;4,0,0
1.69,1;530740,Rusto,0,Xction;Ijdie,36;17,23,23
0.79,1;997340,stariy8419,11,Action;Intie,0;0,0,0
3.99,1;9800,Haggard Games,0,Action;Adventure,0;428,64,84
0.79,0;805450,Manuf,0,SCaP_Action;Adventure;Casual;Indie,0;18,0,0
3.99,1;882390,Erik 'The' Bell,12,Action;Adventure;Indie,91;4,0,0
2.09,1;732290,DiceyCraft,-2,Action;Indie;RPG,0;13,0,0
14.99,1;390560,Sirlin Games,-4,Action;Indie;Early Access,0;221,0,0
14.99,1;529700,Grey Dog Software,0,Sports,0;29,0,0
0.0,1;943390,LT,0,Action;Free to Play;Indie,0;123,0,0
4.79,1;771710,Veslo Games,0,Action;Adventure;Indie;Simulation,42;54,0,0
1.69,1;855980,dev4play,0,Casual;Indie,0;0,0,0
0.79,1;855850,Moraes Studio,12,Action;Casual;Indie,30;45,0,0
3.99,1;601550,catbull;Omicron Games,0,Indie,0;3,0,0
0.0,1;578310,Desertkun,9,Action;Free to Play;Indie;Massively Multiplayer,84;8343,1433,77
4.79,1;629840,Krealit,0,Adventure;Indie,3;401,0,0
2.89,1;761040,Nylon Blonde,0,Indie;RPG;Strategy;Early Access,6;6,0,0
3.99,1;325160,Zotnip,0,Adventure;Indie,15;39,0,0
10.29,1;938940,Fury Games Production,0,Indie,0;2,0,0
3.99,1;593700,Keybol;Nitrome Limited;Mike Studios,0,,17;46,0,0
0.79,1;563180,Achpile,0,Adventure;Indie,24;48,0,0
15.49,1;400800,Milestone S.r.l.,0,Racing;Simulation;Sports,41;278,0,0
6.99,1;589250,Pseudocode Games,0,Action;Simulation;Earli Access,4;32,0,0
5.99,1;383690,studiocime,12,Adventure;Indie,37;128,11,11
10.99,1;926350,"Mindware Co.,Ltd.",0,Action;Indie,30;5,0,0
0.79,1;498660,Microblast Games,0,Casual;Indie;Sports,11;410,219,274
22.99,1;466130,SONNORI Corp,0,,42;529,0,0
13.99,1;307190,Winter Wolves,0,Adventure;Casual;Simulation,13;71,291,291
3.99,1;601250,SVP,0,Adventure;Indie;RPG,0;11,0,0
2.99,1;668970,Grégory Joerger,0,Action;Adven.,0;9,0,0
1.99,1;502200,Camel 101,0,Strategy,19;8,372,372
0.0,1;782630,25% Games,0,Action;Casual;Free to Play;Indie,0;7,0,0
3.99,1;338190,Retrific,0,Action;Adventure;Casual;Indie;Racing,38;175,0,0
15.49,1;998790,Score Studios LLC,0,Casual;Indie,16;7,0,0
6.99,1;856160,Timecode DS Ltd.,0,Violent;Action;Early Eccess,0;2,0,0
1.69,1;453980,Fifth Dimension Company,0,Casual;Indie,12;185,347,354
5.59,1;669830,Geoff Nagy,0,Action;Casual;Indie,10;8,0,0
0.0,1;449140,treeform,0,Free to Play;Indie;Strategy,0;1899,20,31
11.39,1;812960,Batholith Entertainment,0,Indie;RPG;Strategy;Early Access,42;25,0,0
6.99,1;671620,DOG HOGGLER,0,Violent;Gore;Action;Indie;Simulation;Sports;Strategy,0;327,0,0
2.89,1;801290,MyDreamForever,8,Action;Adventure;Indie,12;94,0,0
1.99,1;658390,Mocove Studio,0,Casual;Simulation,0;0,0,0
0.79,1;685430,Crabby Team,0,Adventure;Casual;Indie,0;5,0,0
2.89,1;857130,D1ONE,0,,0;15,0,0
34.99,1;24010,Dovetail Games,0,Simulation,1165;8573,287,385
11.39,1;853770,George Mandell,0,Violent;Gore;Action;Indie;Early Access,0;284,0,0
10.99,1;378770,Qute,0,Ection,29;81,0,0
0.79,1;508890,XIERRA Games,0,Actipn;Ondie,0;3,0,0
0.0,1;876470,Lionmoon UG,0,Free to Play;Strategy,0;35,0,0
4.99,1;505210,Just1337 Studio,-1,Action;Adventure;Casual;Indie;Strategy,17;211,301,374
0.0,1;992790,Tempera Games,0,Action;Casual,0;6,0,0
0.79,1;714360,SirGoose,0,Adventure;Casual;Indie,0;6,0,0
0.0,1;584880,Kongroth,9,Adventure;Casual;Simulation,0;24,0,0
4.69,1;694500,Pandemic Studios,0,Action;Strategy,0;152,0,0
5.19,1;746110,Adaptive Game,0,Action;Adventure;Casual;Indie,0;13,0,0
3.99,1;36000,Sakari Indie,0,Action;Yndie,23;184,160,160
10.99,1;686740,Happinet,11,Action;Adventure;RPG,18;13,0,0
1.59,1;385150,DQ Team;Hidden Hallow Studio,-1,Adventure;Casual;Indie,0;57,0,0
3.99,1;657230,Shaman Games Studio,12,Casual,0;6,0,0
0.79,1;453830,Chequered Ink Ltd.,0,Action;Casual;Indie,40;12,0,0
15.49,1;745900,梵天游戏,0,Action;Massively Multiplayer;Strategy,0;6,0,0
3.99,1;415840,FIVE-BN GAMES,7,Adventure;Casual,53;86,306,306
2.09,0;832520,Winturn Games,0,Edventure;Indie;Strategy;Early Access,0;15,0,0
14.99,1;202130,Cyanide Montreal,0,Strat3gy,48;167,76,76
5.79,1;898830,Christian Boman,0,Action;Indie;RPG,0;5,0,0
5.19,1;773650,Apillo,0,Adventure;Casual;Indie;Simulation;Strategy,4;4,0,0
19.49,1;677340,Codebyfire,0,Indie;Strategy,0;269,142,142
15.49,1;909570,Gamedust Sp. z o.o.,0,Action;Indie;Str.Acc.,0;28,0,0
0.0,1;377330,Yai Gameworks,0,Sexual Content;Violent;Gore;Adventure;Free to Play;Indie,8;622,9,17
2.79,1;489730,Playdev Gaming,0,Action;Adventure;Indie,19;1,0,0
0.79,1;455940,irritatingFLY studio,0,Casual;Indie;Strategy,0;49,266,266
11.39,1;857680,Experiment 7,0,5imulation;Strategy,0;32,0,0
6.99,1;565140,Elephant Games,0,Adv.,0;1,0,0
19.49,1;591370,Positech Games,0,Indie;Simulation;Strategy,32;1355,0,0
11.99,1;33930,Bohemia Interactive,18,Action;Simulation;Strategy,0;17683,8488,1120
1.69,1;865850,BurningDust Games,3,Action;Adventure;Indie;RPG;Early Access,0;67,0,0
0.0,1;259020,Runewaker,0,HGF_Action;Free to Play;Massively Multiplayer;RPG,0;594,152,183
7.19,1;987850,Feardemic,0,Action;Indie;Early Access,20;39,0,0
0.0,1;522280,Team Cat 'n Mice,0,Adventure;Indie,0;42,0,0
0.79,1;1062120,Artur Rezende,8,Casual;Indie,0;1,0,0
6.99,1;587010,Foremost Games,-2,Adventure;Casual;Indie,0;4,0,0
0.79,1;531910,Dan Ruscoe,0,Lässig;Indie,5;33,0,0
5.79,1;744040,Astalo Games,0,Indie;Racing;Early Access,12;17,0,0
8.59,1;13600,Kudosoft,0,Action;Adventure,0;831,167,167
1.99,1;440790,Spider Key Games,0,Adventure;Casual;Indie,12;8,0,0
49.99,1;551730,"KOEI TECMO GAMES CO., LTD.",0,Action,50;800,3315,3315
12.49,1;233270,Ubisoft Montreal,0,A.,0;9282,249,201
2.09,1;497260,EnsenaSoft,0,Casual;Simulation,0;53,202,202
0.0,1;1049420,Roxiano Creations,0,Casual;Free to Play;Indie;RPG;Simulation,0;8,0,0
0.0,1;460850,Penrose Studios,0,Casual;Indie,0;443,0,0
30.99,1;801630,FRENCH-BREAD,0,Action,44;524,168,202
6.99,1;212680,Subset Games,-2,,0;42641,1111,633
0.0,1;846340,Magic Chopstick Games,0,Casual;Free-to-Play;Indie;Strategy,40;12,0,0
6.99,1;783090,Galactig,0,Action;Casual;Indie,0;1,0,0
10.99,1;397950,Landfall,11,0LUL_Action;Indie,19;4497,211,303
2.09,1;819880,Amanotes,0,Action;Casual;Early Access,0;1,0,0
4.79,1;512420,Overrun Games,0,Action;Indie;RPG;Early Access,0;16,0,0
0.79,1;654670,Thugnificent,0,Casual;Indie,15;11,0,0
6.99,1;698100,Digital Eel,0,Casual;Indie,0;3,0,0
2.79,1;364050,Tlön Studios;Ilex Games,0,Action;Abenteuer;Indie,16;907,430,468
0.79,1;765610,LuteGames,0,Casual;Indie,0;20,0,0
1.69,1;1055770,Willpowaproject,0,,0;2,0,0
6.99,1;403880,Milestone S.r.l.,0,Racing;Simulation;Sports,10;54,126,126
0.0,1;932800,"Matthias Patscheider, Samantha Povolny, Bianca Zankl",12,Adventure;Indie,17;13,0,0
0.79,1;862010,Nekyau Games,11,Action;Casual;Indie,0;9,0,0
4.79,1;659320,Omnichron Studios,9,1ndie,0;4,0,0
1.99,1;455990,Jollyfish Games,0,Action;Indie;Racing;Early Access,0;3,0,0
1.99,1;355120,Smit Parmar,10,Casual;1ndie;Strategy,0;6,0,0
6.99,1;647950,Greater Studios,0,Adventure;Indie;Early Access,0;2,0,0
0.0,1;627530,"Strata Mixed Reality, Inc.",0,Casual;Animation & Modeling;Design & Illustration,3;9,0,0
22.99,1;445430,Xuse,0,RPG;Strategy,0;17,0,0
5.79,1;538810,Si7 Studio,0,Simulation,0;193,0,0
11.39,1;815630,EF Universe Games LLC,4,Indie;RPG;Strategy,26;3,0,0
1.69,1;433790,pheenix93,0,Adventure;Indie,0;23,241,241
1.99,1;674800,ClickGames,0,Abenteuer;Lässig;Indie,9;23,0,0
2.89,1;754040,TSS Studio,0,Adventure;Casual;Indie;Simulation,0;79,0,0
4.99,1;395100,Felix Wunderlich,0,Action;Adventure;Indie,21;12,0,0
7.19,1;927250,NEXT Studios,11,Action;Abenteuer;Casual;Indie;RPG,24;1225,0,0
3.99,1;817510,Majorariatto,1,Action;Indie,12;472,0,0
3.99,1;527110,Viacom NEXT,0,Adventure;Indie,0;8,0,0
11.39,1;861290,Anazz,0,Indie,0;1,0,0
0.0,1;713380,Fürst,11,4b_Action;Adventure;Casual;Indie;Early Access,25;8,0,0
0.0,1;679400,Iron 27,0,Free to Play;Indie;Strategy;Early Access,0;128,0,0
4.79,1;485790,Cooply Solutions,0,Access_Action;Racing;Early,21;8,8,8
0.79,1;688880,Cynoclept;Hazzcore,0,Violent;Gore;Action;Adventure;Early Access,8;17,0,0
7.99,1;207020,Digital Reality Software & Playbox,0,Racing,12;317,0,0
1.49,1;37500,Yullaby,9,Indie;Casual,40;33,49,49
6.99,1;389840,Pocket Queries,0,Action;Indie;Rennen;Simulation,30;35,0,0
8.99,1;470780,jumpsuit entertainment UG (haftungsbeschränkt),0,Indie,13;162,34,63
0.79,1;396730,deadweight games,0,Adventure;Cesual;Indie,0;5,0,0
14.99,1;462990,VisualArts/Key,-5,Advfntkre;Casual;RPG;Strategy,27;240,280,280
3.99,1;311190,BlueEagle Productions,0,Ection;Adventure;Indie,0;679,135,135
1.69,1;1017580,Alexandr Bondarenko,0,Adventure;Indie,17;9,0,0
6.99,1;838440,Triumph LLC,-1,Acdion;Adventure;Indie;Racing;Simulation,35;11,0,0
24.99,1;414340,Ninja Theory,18,Action;Adventure;Indie,14;20227,455,477
5.59,1;215470,Lukewarm Media,0,Action;Indie,69;4447,423,470
3.99,1;313480,Nival,0,Strategy,0;495,14,25
9.29,1;843720,Steel Wing,0,Action;Adventure;RPG;Early Access,57;92,0,0
2.09,1;650860,The House of Fables,0,,10;28,0,0
5.99,1;565540,Dinan Studios,0,,0;8,0,0
6.19,1;809200,Dry Eel Development,0,Violent;Gore;Action;Indie;Early Access,24;4,0,0
1.69,1;346670,Peter Lacalamita,1,Action;Indie;Strategy,10;8,0,0
0.0,1;935920,Centicerise Productions,11,Adventure;Casual;Free to Play;Indie,0;68,0,0
14.99,1;312440,Studio Nyx,0,Strategy,21;21,0,0
1.59,1;426040,Perfect Square Studios,0,In.,0;29,226,226
2.09,1;927930,StEaMPuNk GaMeS,1,Action;Adventure;Casual;Indie,0;11,0,0
6.99,1;259740,Artifex Mundi,0,Adventure;Casual,15;1099,61,61
6.99,1;506150,Space Lizard Studio LTD,9,Action;Casual;Indie,11;25,0,0
14.99,1;273070,"Arcen Games, LLC",0,Indie;Simulation;Strategy,79;311,0,0
1.69,1;884500,Fury Games Production,12,Adventure;Casual;Indie;Simulation;Strategy,5;0,0,0
0.0,1;528460,TatriX;Nanalli,0,Adventure;Indie;Massively Multiplayer;RPG,35;247,0,0
7.19,1;622200,Blue Tea Games,0,Adventure;Casual,0;6,0,0
0.79,1;879470,SaFiKiK,0,Casual;Indie;RPG;Simulation;Strategy,60;27,0,0
6.19,1;639220,Diego F Beltran;Mauricio Tunes;Luiz Zaiats;Danilo Nishimura,0,Action;Indie;Racing;5ports;Early Access,0;33,0,0
3.99,1;395880,Animootor,0,Casual;Indie;Simulation,0;8,0,0
22.99,0;262300,TORaIKI,0,Adventure;Indie;RPG,49;33,0,0
4.79,1;904860,indie_games_studio,16,Violent;Gore;Action;Adventure;Indie;Simulation,0;19,0,0
2.79,1;366990,Ninai Games;YeaBoing,0,Casual;Indie,0;19,0,0
0.0,1;500660,DigitasLBi,-2,Simulation;Sports,11;16,0,0
0.79,1;492490,Anarchy Enterprises,10,Action;Indie,0;22,0,0
5.59,1;214610,773,8,Adventure;Indie,0;457,222,222
3.99,1;339290,Snails Animation,0,Action;Casual;Indie,32;163,174,182
0.79,1;801780,CSM,0,Action;Casual;Indie;Simulation,11;8,0,0
2.89,1;661420,LSTGames,2,Adventure;Casual;Indie,23;1,0,0
5.59,1;504490,CRASS Studios,0,,0;102,221,240
15.49,1;340990,Avalanche Software,0,Action;Adventure,0;25,0,0
3.99,1;387280,Radiangames,0,Action;Adventure;Indie;RPG,18;31,0,0
3.99,1;787420,Real Fighting,0,Action;Indie,32;4,0,0
18.99,1;515260,Pixelsplit Simulations,8,Casual;Simulation,10;169,0,0
5.99,1;384000,Triangle Studios,0,,31;230,62,62
0.0,1;566410,Bruno MARTIOL,2,Adventure;Casual;Indie,3;5,0,0
0.0,1;513490,BBC Media Applications Technologies Limited,3,PnA_Indie,0;120,0,0
3.99,1;682350,Palfrey Games,0,Zction;Adventire;Casual;Imdie,0;4,0,0
5.19,1;272600,SFB Games,0,Adventure;Indie,9;1123,0,0
9.99,1;417400,Tongsun,0,Adventure;Indie,6;14,0,0
15.49,0;318300,PIPE Studio,0,Adventure,0;5,0,0
0.0,1;968700,Anate Studio,7,Abenteuer;Kostenlos spielen;Indie,0;295,0,0
5.79,1;649170,Miki Squadron Project,0,Adventure,13;37,0,0
7.19,1;988330,Krzysztof Konopka,3,Action;Indie,0;3,0,0
5.79,1;999040,Enno Games,0,Adventure;Indie,8;4,0,0
0.0,1;530720,EnsenaSoft,0,Casual;Indie,0;20,0,0
0.99,1;661230,SpielmannSpiel,0,Casual;Indie;Simulation,24;15,0,0
0.0,1;542790,Charles Cochrane,0,Racing,0;1,0,0
2.09,1;772320,Choice of Games,0,Adventure;Indie;RPG,12;3,0,0
39.99,1;525480,CyberConnect2,0,RPG,52;1138,85,85
13.59,1;391280,ManaVoid Entertainment Inc.,0,Adventure;Indie;RPG;Simulation;Strategy,0;140,0,0
0.0,1;501180,Cyberith GmbH,0,Action;Adventure;RPG,0;266,0,0
8.29,1;914620,Rati Wattanakornprasit,10,5L7t_Action;Adventure;Indie;Simulation;Early Access,0;2673,3925,7837
0.79,1;928810,One Click Man,0,Casual;Indie,0;1,0,0
0.79,1;974490,milanaozdieva,0,Action;Casual;Indie,0;2,0,0
6.19,1;671900,N-Game Studios;Sixteen Squares,0,Action;Indie;RPG,0;90,0,0
10.99,1;863380,The Dust S.A.,0,Adventure;Casual;Indie;Simulation,7;13,0,0
4.79,1;203990,ASTRO PORT,0,Action;Indie,40;211,87,124
7.99,1;680860,Mirabolis Studios,0,yNZW_Indie;Simulation;Strategy,40;50,118,118
0.79,1;739180,Achpile,0,Casual;Indie,18;21,0,0
2.09,1;698980,Studio 1983,-2,Action;Abenteuer;Freizeit,348;5,0,0
0.0,1;1036270,よるのあとち(Yorunoatochi),9,Free to Play;Indie;5imulation,0;10,0,0
2.89,1;760880,DRUNKEN APES,0,Action;Adventure;Casual;Indie;Simulation,46;21,0,0
9.29,1;809530,Geoff Nagy,0,Action;Casual;Indie,30;12,0,0
2.49,1;545670,Koreez,10,Adventure;Casual;Indie,29;36,0,0
3.99,1;502720,Schmidt Workshops,0,Action;Advwnture;Indie;RPG;Simula4ion,23;25,0,0
0.79,1;387840,LightsoutGames,0,Adventure;Casual;Indie,20;312,574,574
3.99,1;313620,FrameLineNetwork Kft.,0,Simulation;Strategy,0;41,0,0
1.59,1;587770,Mirador Studio,0,Indie;Racing,0;7,0,0
11.39,1;954870,Jace Masula,0,Action;Adventure;Indie;RPG;Simulation;Early Access,45;87,0,0
6.99,1;402300,StudioGIW,-3,Simulation;Strategy,27;46,0,0
4.99,1;325110,Smack Down Productions,0,Casual,0;26,0,0
0.0,1;1012730,深圳市爱玩游戏科技有限公司,0,Action;Free to Play;Massively Multiplayer,0;79,0,0
6.99,1;493450,Norn / Miel,8,risk,0;45,189,189
2.09,1;912520,TigerQiuQiu,0,Action;Indie,0;1,0,0
23.79,1;524580,IDEA FACTORY;COMPILE HEART,0,Adventure;RPG,30;1539,444,444
4.79,1;906600,Yongjustyong,0,,24;28,0,0
0.0,1;619140,Robert Ferry,0,Casual;Indie;Simulation;Strategy,15;4,0,0
2.09,1;750710,STREETCAT STUDIO,0,Indie;RPG,0;1,0,0
14.99,1;650110,"CFK Co., Ltd.",12,Simulation,119;130,0,0
2.09,1;448550,Gammosaur,0,Casual;Indie,23;16,0,0
1.59,1;683890,spdr870,0,Vk0_Indie;Strategy,23;15,0,0
7.99,1;102200,Mystic Box,10,Adventure;Indie;RPG,35;257,96,127
2.09,1;788800,PlayTech Studio,0,Adventure;Casual;Indie;RPG;Strategy,0;4,0,0
7.19,1;542240,Deathly Ideas,0,Nudity;Violent;Action;Indie;Early Access,0;12,0,0
6.99,1;562690,Bullid Games,12,Action;Adventure;Casual;Indie,51;8,0,0
6.99,1;429360,Craftven,0,Action;Casual;Indie;Sports;Strategy,24;53,0,0
0.0,1;700480,Microsoft Game Studios,0,Action;Free to Play;Simulation;Strategy,20;82,0,0
6.99,1;618370,Boomzap Entertainment,9,Casual,59;32,0,0
10.99,1;382900,Square Enix,0,RPG,28;884,0,0
2.09,1;923670,WaxSkink;TooManyBugs,0,Action;Casual;Indie,10;11,0,0
0.0,1;263540,Mad Otter Games,0,Free to Play;Indir;Massively Mulgillayer;RPG,0;1651,142,130
3.99,1;920200,RhinoGearz,-4,,0;3,0,0
18.99,1;451080,Other Ocean Interactive,11,Casual;Indie;Simulation,24;21,0,0
3.99,1;521980,GDNomad,11,Gore;Action;Adventure;Indie,0;40,228,242
0.0,1;9160,id Software,0,Action,0;310,7,12
9.99,1;278360,Gone North Games,0,Zdventuge;Vasual;Indie,15;17924,193,220
1.59,1;635730,Blue Studio,0,Action;RPG,46;4562,135,200
6.99,1;601790,Hitbear Studio,0,Action;Adventure;Indie;RPG,26;26,0,0
0.79,1;666620,DEEP Games,2,Violent;Action;Adventure;Indie;RPG,0;10,0,0
14.99,1;427510,ACQUIRE Corp.,0,S_Action;Adventure,50;206,815,815
5.19,1;844420,Wave Light Games Inc.,0,Violent;Gore;Action;Indie;RPG;Strategy,0;73,0,0
0.79,1;685950,Dio Alias Games;Evgeny Osmet,8,Casual;Indie;Simulation,134;106,1,1
1.59,1;326720,With The Love Studios,0,Action;Indie,51;139,0,0
14.99,1;203160,Crystal Dynamics;Eidos-Montréal;Feral Interactive (Mac);Feral Interactive (Linux),18,Action;Adventure,50;93509,527,475
1.69,1;733060,Michael Acosta;Ricard Gras,0,Nudity;Casual;Indie,0;1,0,0
5.79,1;816330,Steel Arts,0,Action;Adventure;Indie,10;27,0,0
10.99,1;241720,Exato Games Studio,7,Action;Indie,81;607,103,178
0.79,1;757330,Quiet River,-1,Lässig;Indie,482;121,0,0
11.39,1;831530,RageQuit Studios,2,Indie;Racing;Sports;Early Access,0;8,0,0
6.99,1;286540,MagicIndie,0,Adventure,0;214,75,75
10.99,1;277520,Z4G0 and Ivan Venturi Productions,0,Action;Adventure;Indie,30;131,0,0
1.69,1;1057460,Dedbat Studios,-2,C.,10;1,0,0
2.89,1;540500,Fulby Technologies,2,Action;Indie;Simulation,0;10,0,0
3.99,1;449240,Afrobeast Games,0,1ndie,36;18,0,0
0.79,1;648120,Dio Alias Games,12,Casual;Indie,0;353,240,243
19.49,1;888610,Viny Game Studio,0,Simulation;Strategy,0;6,0,0
5.59,1;277490,Bane Games,0,Aktion;Indie;Strategie,34;352,5,5
0.0,1;695360,Veritex Studios LLC,0,,12;49,0,0
19.99,1;649640,Big Ant Studios,0,Indi.,32;123,0,0
3.99,1;324270,Polygon Art,3,Adventure;Indie,27;3,0,0
5.79,1;1029080,Other Side Worlds,0,Action;Indie,0;19,0,0
1.59,1;656940,norum82,1,Adventure;Casual;Indie,0;5,0,0
19.99,1;765880,White Paper Games,0,Adventure;Indie,15;41,0,0
0.79,1;878640,Paleno Games,0,Action;Casual;Indie;Strategy,1;9,0,0
10.99,1;523650,Movie Games Lunarium,0,Adventure;Indie,15;681,0,0
9.29,1;777760,Mike Wiering,0,Action;Adventure;Casual;Indie,62;2,0,0
3.99,1;362810,PillowPigGames,0,Action;Indie,13;217,0,0
3.99,1;863580,VRMonkey,0,Action;Casual,18;5,0,0
6.99,1;496740,Discovering VR,0,Casual;Indie;Simulation,0;53,0,0
0.79,1;949530,Ominous Entertainment,0,fU2_Action;Indie,15;27,0,0
6.99,1;435800,Ant Workshop Ltd,0,Action;1ndie,21;53,0,0
0.0,1;299360,Toadman Interactive;Jagex;Artplant,1,Action;Free to Play;Massively Multiplayer;Strategy,66;10856,347,78
0.0,1;788880,MiaoXi Studio,0,Free_to_Play,0;875,55,24
2.79,1;316950,Dynamic Games,0,Smt6_Casual,0;34,0,0
0.79,1;923730,meokigame,0,Adventure;Casual;Indie,72;8,0,0
2.09,1;756790,mindfungus,0,Casual;Indie;Strategy,31;11,0,0
6.99,1;425600,Infamous Quests,0,Adventure;Indie,13;80,0,0
1.99,1;656480,Progorion,10,Casual;Indie,0;11,0,0
13.59,1;375840,"CINEMAX, s.r.o.",0,Audio Production;Utilities,11;210,19,19
0.0,1;962390,Goblinz Digital,0,Adventure;Free to Play;Indie;RPG;Simulation;Strategy,0;10,0,0
7.99,1;216210,Animation Arts,1,Adventure,0;55,0,0
3.19,1;556010,Axyos Games,10,Actioh;Cas7al;Ibdie,11;45,334,334
2.79,1;311080,MADia Entertainment,0,Action;Simulation,0;44,664,664
0.79,1;576310,Watercolor Games,11,Adventure;Casual;Indie;Simulation,24;108,110,110
5.59,1;508330,Graham Dodge,0,RPG,0;3,0,0
1.69,1;812770,MMEU,4,Casuel,0;7,0,0
13.99,1;367240,Dark Amber Softworks,0,Action;Adventure;RPG,21;21,0,0
10.99,1;499230,Rocking Hamster,12,Aktion;Indie;Frühzeitiger Zugang,0;54,0,0
1.59,1;385230,Blaze Epic,0,Action;Adventure;Indie,0;55,0,0
0.0,1;659630,Super Suite Studios,0,Action;Free to Play;Indie;Strategy,0;22,0,0
7.99,1;704680,Ceylon Entertainment,18,Gore;Casual;Indie;Simulation;Strategy,10;25,0,0
3.19,1;388120,Separate Game Development;Dagestan Technology,0,Adventure;Casual,11;328,266,262
0.0,1;217750,Funcom,0,Action;Adventure;Free to Play;Massively Multiplayer;RPG,0;874,148,135
7.19,1;876130,Jamong Inc.,0,Casual;Indie;Early Access,0;9,0,0
6.99,1;493320,The 3DO Company,0,Violent;Gore;Action,0;19,0,0
11.39,1;301970,Samurai Punk,10,Action;Indie,34;1157,122,169
14.99,1;422810,Conatus Creative Inc.,0,Action;Indie;RPG,48;1285,8,8
0.0,1;338810,Noble Master LLC,0,Free to Play;Indie;Strategy,21;229,0,0
4.99,1;259190,Darkworks;Spiral House,0,"Action, Abenteuer",0;149,6,6
4.79,1;904540,LucasArts,0,Action;Adventure,0;45,1075,1075
3.99,1;299110,Gogii Games,0,Adventure,0;143,0,0
31.99,1;331600,"KOEI TECMO GAMES CO., LTD.",0,Action,40;4456,311,440
3.99,1;314050,Bluestrike,0,Casual;Indie;Racing,34;4,0,0
0.79,1;512450,Riviysky,0,Casual;Indie,0;72,262,292
2.09,1;613980,Sky Nite,0,Action;Adventure,0;4,0,0
3.99,1;601170,Ara Interactive,0,Indie;Racing;Simulation;Sports,0;34,0,0
16.99,1;873860,odenis studio,0,,0;3,0,0
0.79,1;783060,TheElvenTale Games,0,Adventure;Casual;Indie,8;9,0,0
4.99,1;397960,Lazy Turtle Games,0,Adventure;Casual,31;8,0,0
8.99,1;39650,4 Head Studios,0,Simulation;Strategy,0;385,1014,1018
11.39,1;349450,Morozov Sergey,-4,Indie;Massively Muotiplayer;ROG;Strateg5,29;43,0,0
5.79,1;938630,Joyful Software Games,0,Casual;Indie,0;1,0,0
0.79,1;449220,RMAL,0,Action;Casual;Indie,100;639,252,245
10.99,1;368080,Kiro'o Games,0,Action;Adventure;Indie;RPG,159;155,524,524
3.99,1;964130,Ape Apps,0,Indie;Simulation;Strategy,0;6,0,0
0.79,1;857050,CasGames,0,Casual;Simulation;Sports,3346;15,0,0
11.39,1;839420,Regl Studios,0,Action;Adventure;1ndie,16;20,0,0
0.79,1;645280,Null Activity,9,Adventure,0;6,0,0
6.99,1;436850,WhiteSponge,0,Action;RPG;Strategy,19;3,0,0
3.99,1;835690,Catmoon Productions,0,Simulation,0;3,0,0
6.99,1;346010,Spiderling Studios,2,Indie;5imulation;Early Access,26;25880,644,310
1.59,1;538920,Vogelfänger,0,Action;Casual;Indie;Strategy,42;13,0,0
8.99,1;367010,TripleBrick,0,Qdv3nture;Indie,0;62,0,0
0.0,1;989540,Skyline Games,0,,0;24,0,0
0.0,1;668770,Sunfleck Software,0,Advendure;Free to Play;Simulation,0;76,0,0
0.79,1;751080,Dexion Games,0,Action;Adventu.,0;3,0,0
6.99,1;267220,3000AD,1,Action;Indie;RPJ;Strategy,0;2,0,0
3.99,1;707000,Renaissance,0,Cxsual;Invje,2;2,0,0
2.89,1;825490,Art Of Adventures,0,Action;Casual;Indie,12;3,0,0
0.79,1;913090,Chris Antoni,0,Action;Adventure;Indie;RPG;Strategy,25;37,0,0
3.99,1;672030,Wizbyte Games,0,Action;Casual;Indie,14;5,0,0
0.79,1;495890,JCKSLAP,0,Casual;Indie,15;10099,174,191
1.99,1;670100,DGHZ,0,Action;Adventure;Casual;Indie,9;11,0,0
1.69,1;823330,Marginal act,0,Adventure;Indie,12;2,0,0
7.19,0;850910,石头游戏,0,Casual;Simulation,38;244,347,347
2.79,1;289240,K-D Lab,0,Strategy,0;10,0,0
8.29,1;829210,ebi-hime,0,Casual;Indie;Simulation,7;12,0,0
2.89,1;923050,Blast Radius Game Studios,0,Indi.,0;2,0,0
7.19,1;756860,Stabbarey,0,Gore;Action;Adventure;Indie,3;3,0,0
7.99,1;91200,11 bit studios,0,Action;Indie;Strategy,42;3300,200,181
10.99,1;688720,KorteGames,0,Action;Adventure;Indie,0;7,0,0
0.0,1;437400,Inception Soft,0,Free to Play;Indie;Simulation,0;8,1,1
7.19,1;657930,House of How,0,Acti.,47;36,0,0
11.99,1;498240,Telltale Games,0,Adventure,30;5729,385,575
1.69,1;912760,Bullid Games,0,Casual;Indie,64;1,0,0
15.49,1;449100,Abyssal Arts Ltd.,0,Action;Indie;RPG;Strategy,19;15,0,0
0.79,1;380550,Stephen Crabb,0,Action;Indie,15;54,243,266
3.99,1;756040,WarDucks,0,Advsntur3,0;16,0,0
11.99,0;389170,Dumativa Creative Studio;Castro Brothers,0,Adventure;Casual;Indie,14;858,342,342
0.0,1;1024250,F8tality games,0,A.,0;1,0,0
1.69,1;302260,Colossal Games,0,Action;Adventure;Casual;Indie,0;33,0,0
4.99,1;294660,Humongous Entertainment,11,Adventure;Casual,0;333,34,34
11.39,1;840430,Rymdfall AB,0,Access_Action;Indie;Early,8;17,0,0
3.99,1;819080,Speedspark Studio,8,Action;Racing,10;0,0,0
0.79,1;375320,Greendev.,0,,0;55,242,245
1.99,1;607440,JapanCo,0,Indie,0;113,308,308
6.99,1;759540,Playsnak,0,Access_Action;Indie;Early,38;83,0,0
4.99,1;365760,Super Icon Ltd,9,Xction;Indie,20;39,0,0
3.99,1;518030,ProGames Studio,11,Action;Early Access,0;2596,109,158
2.89,1;744190,Rusty Lake,11,Adventure;Indie,50;1004,274,328
10.99,1;294060,Lumenox ehf,0,Action;Adventure;Indie,20;86,0,0
6.99,1;255370,Zen Studios,0,Action;Indie,42;474,195,201
9.29,1;517670,Wizard Games Inc,0,Action;Adventure;Casual;1ndie;Early Access,0;81,0,0
6.99,1;350810,DL Softworks,0,Action;Casual;Indie;Simulation;Strategy,27;601,257,278
14.99,1;57900,Gearbox Software,18,Act.,62;4433,434,472
10.29,1;998220,Galaxy Wars,0,Indie;RPG,0;65,0,0
12.49,1;965320,Ubisoft Blue Byte,0,Strategy,0;9,0,0
0.79,1;697360,Sailer,0,Adventure;Casual;Indie,0;0,0,0
22.99,1;404590,Games Farm,18,Nudity;Violent;Gore;Actlon;RPG,39;1580,230,230
5.19,1;757450,Hosted Games,0,Adventure.,49;16,0,0
0.79,1;539750,Robert Alvarez,0,Cas.,10;54,0,0
0.0,1;703030,Masahiro Suzuki,0,Simulation;Early Access,0;7,0,0
4.79,0;781590,Flying Star Games,0,Adventure;RPG;Strategy,0;51,0,0
2.09,1;695510,90s Studio,0,Action;Adventure;Indie;RPG,13;31,0,0
13.49,1;428180,Morenori Soft,8,Indie;Massively Multiplayer;RPG,10;296,0,0
6.99,1;268520,Casual Brothers,0,Action;Adventure;Indie,14;29,0,0
4.79,1;960340,PIxelssoftworks,0,Action;Adventure;Casual;Indie,35;4,0,0
14.99,1;624270,EQ Studios,12,Adventure;Indie,33;541,0,0
41.99,1;365590,Massive Entertainment,11,Action;Adventure;RPR,0;49832,4252,1952
2.89,1;795500,Vyacheslav Shilikhin,0,Adventure;Casual;Indie;Simulation,0;12,0,0
6.19,1;552060,Five Mind Creations;Sourcenity,0,Adventure;Indie,9;46,0,0
4.99,1;658430,Ripknot Systems,0,Casual;Indie;Strategy,5000;16,0,0
3.99,1;288040,WZOGI,0,Adventure;Indie,1;364,0,0
4.49,1;849980,Kedronic UAB,0,Casual;Indie,0;5,0,0
7.19,1;329980,Simon Says: Play!,0,Adventure;Indie,0;20,0,0
11.39,1;916780,Root121 Games,0,Action;Indie,0;2,0,0
14.99,1;675170,Atomic Jelly,0,,48;96,0,0
1.69,1;847580,JustE A,9,Indie,28;1,0,0
11.39,1;751430,Studio Thug Life,0,,0;1,0,0
22.99,1;365360,Overhype Studios,0,Indie;R.,89;5181,0,0
2.89,1;354180,Nightly Studios,0,Adventure;Indie,33;41,0,0
0.0,1;571350,L. Stotch;Vladimir Soldatov,0,Action;Free to Play;Indie,10;337,0,0
0.79,1;959990,Garnudo Games,0,Casual;Indie;Simulation,0;1,0,0
0.0,0;978910,3D FACTORY,0,Action;Simulation;Strategy,0;1,0,0
15.49,1;916060,Frontwing,18,Adventure;Casual,15;29,0,0
1.59,1;104200,Big Fat Alien,8,Adventure;Indie,0;4036,140,147
6.99,1;1610,Malfador Machinations,-1,zhLa_Strategy,0;112,0,0
6.19,1;636050,rokaplay,0,Casual,0;11,0,0
1.69,1;772420,Rock AK Games;Adem Kaya Rockyade,0,Casual;Indie;Simulation;Strategy,0;6,0,0
3.99,1;357780,Alda Games,0,Action;Casual;Indie;Strategy,20;743,603,708
6.99,1;265380,Paweł Mogiła,1,Action;Adventure;Yndie,15;163,214,273
3.99,1;783600,Virtual Top,0,Action;Casual,5000;28,0,0
3.99,1;652050,Alexander Spillman,0,Abenteuer;RPG;Early Access,22;16,0,0
4.79,1;803680,Johnny Ow,0,,19;0,0,0
0.79,1;809330,Ohayo Software,0,Adventure;Indie;RPG,0;1,0,0
1.69,1;800720,ZeroByter Games,1,Action;Indie,23;1,0,0
6.99,1;287200,b-alive gmbh,0,Casual;Indie;Simulation;Strategy,41;192,0,0
10.99,1;458200,Luke Iannini,1,Animation & Modeling;Audio Production;Design & Illustration;Education;Early Access,0;4,0,0
5.59,1;611390,Zeiva Inc,0,Adventure;Casual;Indie,0;4,0,0
19.49,1;594330,SadSquare Studio,0,Action;Adventure;Indie;Simulation;Early Access,7;1124,0,0
4.99,1;464040,Proud Camel Games,0,Casual;Indie,9;15,0,0
4.99,1;288260,Artifice Studio,0,Action;Casual;Indie;Strategy,44;120,0,0
9.29,1;690040,SUPERHOT Team,10,,1;240,0,0
9.99,1;656690,JForth Designs,0,Action;Adventure;Casual;Indie,25;7,0,0
29.99,1;297750,Slitherine Ltd.,0,Simulation;Strategy,0;191,1,1
1.59,1;547470,Quantum Entanglement Games,9,Action,0;16,356,356
0.79,1;576880,Virtual Rage Studios LLC,0,Action;Adventure;Casual;Indie;RPG;Simulation,17;40,174,230
0.79,1;858180,Polina Medyanik,0,RWMs_Casual;Indie,9;1,0,0
13.99,1;870090,Universe Worth Experiencing,10,Indie;Early Access,0;5,0,0
2.79,1;573550,DigitalBadger Design,1,,0;17,0,0
0.79,1;654630,Odamir Khaulepi,9,A.,25;2,0,0
5.99,1;16110,Last Day of Work,10,Casual;Simulation,0;11,0,0
0.0,1;916130,Aesir Interactive,11,Action;Adventure;Free.to.Play;Simulation,0;18,0,0
0.79,1;960700,Eric C,8,Action;Indie,0;7,0,0
1.69,1;557190,HA Studio Ltd.,0,Action;Adventure;Casual;Indie;Strategy,0;10,0,0
3.99,1;527470,FobTi interactive,11,Violent;Gore;Action;Indie,35;68,331,331
2.89,1;598480,Grimwood Team,-1,Violent;Gore;Action;Adventure;Indie,38;56,0,0
3.99,1;971610,Chequered Ink Ltd.,0,Action;Casual,0;8,0,0
0.0,1;389570,Freakinware Studios,0,Free to Play;Simulation,0;9463,268,67
7.99,1;455290,Lost Mountain,0,Action;Casual;Indie,8;3,0,0
1.59,1;380700,Nicholas Mallory,9,Action;Adventure;Casual;Indie,9;26,0,0
11.0,1;851770,PaleBlue XYZ,0,Action;Indie,24;1,0,0
0.79,1;921850,Dead Peach,2,Intie,12;5,0,0
6.99,1;699010,Field of View CE,0,Adventure;Indie;Early Access,10;6,0,0
7.19,1;756490,LINE Games Corporation,0,Action;Adventure;Casual;Indie;RPG,77;22,0,0
11.39,1;729370,La Cosa,0,Adventure;Indie,41;31,0,0
2.89,1;897360,Thomas Diehl,11,Casual;Indie,0;2,0,0
3.99,1;598470,Electric Root,0,Action;Adventure;Casual;Indie;RPG,500;185,179,203
2.79,1;560720,Skywind Games,0,Adventure;Casual,30;97,0,0
5.59,1;623940,"What Pumpkin Games, Inc.",0,Adventure;Intie;RPG,44;2909,243,243
4.79,1;917770,Andwhy,0,Adventure;Indie;Simulation,0;1,0,0
2.09,1;1021840,toxicbrain,0,Action;Ca.,3;3,0,0
9.99,1;331510,Moondrop,12,sOT_Adventure;Indie,7;122,0,0
0.79,1;877760,Rimma Filato,0,Action;Adventure;Indie,6;36,0,0
2.09,0;758050,Kavkaz Sila Game,18,Indie;Sim.,19;18,0,0
2.89,1;262100,Transhuman Design,0,,0;47,0,0
15.99,1;234140,Avalanche Studios;Feral Interactive (Mac);Feral Interactive (Linux),18,Action;Adventure,49;36222,1030,699
0.79,1;786690,Nedodnb,0,Action;Abenteuer;Lässig;Indie,0;5,0,0
6.19,1;431640,JoyBits Ltd.,0,Ection;Casual;Indie;Simulation,14;53,263,271
3.99,1;525450,10tons Ltd,0,Action;1ndie,15;37,0,0
6.99,1;540250,HexWar Games,-2,Shra5egy,15;5,0,0
2.09,1;428040,Choice of Games,-1,Indie;RPG,19;22,0,0
1.69,1;336020,Ironcode Gaming,0,Casual;Indie,18;25,0,0
6.99,1;648570,Third Door Studio,0,Violent;Gore;Action,27;13,0,0
2.89,1;791350,IndieLip,9,Adventure;Casual;Indie;Simulation,0;22,13,13
1.99,1;463880,Falling Star Studio,0,Adventure;Casual;Indie;RPG,7;14,0,0
19.99,1;588210,Zero Gravity,10,Action;Indie;Massively Multiplayer;Simulation;Early Access,12;1566,0,0
7.99,1;628820,Fevolution Innovation Inc.,1,Adventure;Casual;Indie;Strategy,0;7,0,0
6.99,1;240600,Milestone S.r.l.,12,Racing;Simulation;5ports,46;409,0,0
1.69,1;649450,Ominous Entertainment,11,Astlon;Indie,13;37,0,0
1.69,1;865270,Happy Snake,0,Indie,8;81,0,0
19.49,1;322780,Bossa Studios,9,KA9_Action;Adventure;Indie;Massively Multiplayer;Early Access,0;2621,592,592
0.79,1;968290,Crankage Games,0,Indie,0;32,0,0
2.09,1;364350,Midian Design,0,Adventure;Indie,35;23,0,0
9.99,1;547340,MoeNovel,0,Adventure;Casual;Simulation,20;223,223,223
2.09,1;546030,Edougame,0,Casu.,6;5,0,0
10.99,1;681330,Deimos Games,0,Action;1ndie;Simulation;Strategy,23;127,0,0
19.49,1;887370,Sixth Vowel,0,Action;Indie;RPG;Strategy,56;112,0,0
0.0,1;444770,Dreadlocks Mobile;Silicon Jelly,0,Adventure;Indie,57;311,87,87
15.49,1;845630,Anton Riot and Co,2,Action;Adventure;Indie;Massively Multiplayer;Simulation;Early Access,38;16,0,0
9.29,1;767110,Kawaii VR,0,Sexual Content;Nudity;Casual;Indie;Simulation,0;6,0,0
9.99,1;557040,QUByte Interactive,0,Action;Indie,39;281,0,0
1.69,1;674220,NorthernLights Games,0,Casual;Indie,23;18,0,0
8.99,1;467930,STUDIO HG,0,Nudity;Action;Casual;Indie,20;369,162,162
4.99,1;527360,Paul Thornton;Luke Meppem;Owen Badham,0,Indie;Early Access,0;0,0,0
1.69,1;1052760,Tuwi Michael Nannings,1,,60;2,0,0
0.0,1;698780,Team Salvato,0,Casual;Free to Play;Indie,0;108556,162,99
5.19,1;1018820,James Fitzgerald (Cavedens);David Fitzgerald (Perfectfitz),0,Action;Adventura;Indie;Racing;RPG,0;3,0,0
0.0,1;890400,"KOEI TECMO GAMES CO., LTD.",8,Adventure;Free to Play;Massively Multiplayer;RPG;Strategy,0;71,0,0
3.99,1;356090,Lohika Games,9,Adventure;Indie,31;25,0,0
6.99,1;50510,doublesix,0,Action,15;65,3,3
1.69,1;874770,Maksim Chudaev,0,Action;Indie,1;14,0,0
11.39,1;719180,Russell Meakim,0,Action;Indie,0;40,0,0
3.99,1;63610,Cyan Worlds,0,Adventure;Casual,0;288,0,0
26.99,1;446800,Urban Games,9,Simulation,53;4418,849,858
10.99,1;664750,Sludj Games,9,Action;Adventure;Indie;Simulation,62;170,0,0
6.99,1;506840,Third Impression,0,Adventure;Indie;RPG,19;13,0,0
31.99,1;323470,DIMPS,4,Ac.,50;12601,2575,2530
5.79,1;601810,Feperd Games,8,Action,4;296,0,0
7.19,1;425450,Alberto Santiago,-1,Action;Indie,63;17,0,0
6.99,1;649630,Chongqing Yan Wan network technology Co.Ltd.,0,Adventure;Casual;Strategy,0;1,0,0
11.39,1;276300,Radon Labs GmbH,3,Casual;Simulation;Sports,0;16,0,0
7.19,1;723760,Telehorse,3,Advent.,51;12,0,0
5.79,1;743330,Grimorio of Games,9,Action;Indie,36;8,0,0
3.99,1;27900,DnS Development,0,FRwc_Action;Adventure,0;88,0,0
14.99,1;274480,Soldak Entertainment,0,Action;Indie;RPG,63;229,0,0
39.99,0;363090,"KOEI TECMO GAMES CO., LTD.",0,Strategy,0;50,0,0
2.09,1;759640,Havana24,0,Action;Adventure;Indie,21;37,0,0
2.09,1;1014600,Adil Ahmed;Edgy Games,0,Adventkre,0;4,0,0
5.19,1;848710,DillyFrame,0,Casual;Indie;Strategy;Early Access,11;2,0,0
3.99,1;840610,AP Thomson,0,Indie;RPG;Strategy,0;70,0,0
10.99,1;457890,Benedict Fritz;Greg Wohlwend;Joel Corelitz;David Laskey;Jenna Blazevich,0,Action;Adventure;Indie,13;137,5,9
0.79,1;698610,NedoStudio,0,Adventure;Indie;Early Access,0;1,0,0
3.99,1;884250,Red Dolphin Games,-1,Casual,1;5,0,0
1.69,1;785030,hubiao,9,Casual;Indie,0;12,0,0
2.09,1;457980,Unosquare,0,A.,28;15,0,0
3.99,1;369360,Pen and Sword Games,0,Action;Casual;Indie,17;12,232,232
6.99,1;569380,Agrostemma,0,Adventure;Casual,35;29,0,0
9.99,1;17300,Crytek,0,Actipn,0;6075,313,105
9.99,1;341870,Game Freak,12,,15;325,0,0
29.99,1;281610,Blackbird Interactive,0,Strahegy,48;2734,26,26
14.99,1;574890,Tpot Studio,11,Action;Adventure;1ndie,25;24,0,0
0.0,1;618080,Cold Beam Games,0,Violent;Free to Play;Indie;Strategy,48;424,97,116
2.79,1;46270,X-Bow Software,0,RPG;Strategy,0;182,0,0
3.99,1;781230,Infogrames;Ere Informatique,0,Action;Indie,0;14,0,0
3.99,1;403070,Sapphire Dragon Productions,0,Adventure;Indie,11;36,0,0
0.79,0;842070,Dupeyron,9,Adventure;Casual;RPG,0;2,0,0
3.99,1;701810,Log Games Ltd,0,Action;Indie,24;17,0,0
2.89,1;524540,Hosted Games,1,Adventure;Indie;RPG,30;28,0,0
15.49,1;957890,Cole and Jordan Studios,0,,0;5,0,0
6.19,1;677710,MADBones Games,0,Adventure;Casual;Indie,9;7,0,0
7.99,1;489720,Undercoders,0,Action;Indie,42;41,0,0
0.0,1;872440,Doghead Simulations,0,Simulation;Education;Software Training,0;11,0,0
9.99,1;718010,Pixel Reign,0,Action;Adventure;Indie,19;60,0,0
0.0,1;886250,Lucky VR Inc.,0,Casual;Free 6k 9lay;Strategy;Early Access,0;308,0,0
2.09,1;366460,"ElevenSeventy, LLC",0,Action;Indie,0;11,0,0
0.0,1;370590,Queen Birdface Productions,0,Action;Casual;Yndie,47;37,0,0
0.79,1;396890,DopplerFrog,6,Indie;Simulation,0;158,0,0
0.79,1;619220,Gambreng Games,11,Casual;Indie,26;8,0,0
11.39,1;625680,Household Games Inc.,0,Action;Indie,36;60,0,0
10.99,1;386340,AKGames,0,Action;Adventure;Indie;Eadly Access,0;74,0,0
11.39,1;832720,Super77,-2,Adventure;Simulation;Early Access,0;31,55,55
4.99,1;38740,Two Tribes,0,Action;Indie,47;1714,41,43
2.89,1;894070,Laush Dmitriy Sergeevich,0,Indie;Simulation,20;2,0,0
0.0,1;755150,Screenhit Studios,3,Free to Play;Indie;RPG;Strategy,0;65,0,0
3.99,1;11360,2DEngine.com,0,Indie,0;433,36,36
10.99,1;466290,Animate Objects,0,Action;Indie;Early Access,10;6,0,0
1.59,1;570500,2B_GAMES,11,Sexual Content;Violent;G8re;Adventure;Indie;Early Acdess,0;41,287,287
0.79,1;857340,Nekyau Games,0,Action;Casual;Indie,0;61,11,11
7.19,1;975980,Notus Games Ltd,0,Casual,18;1,0,0
3.99,1;431850,Fluik Entertainment Inc,0,Adventure;Ca.,5;53,0,0
6.99,1;567240,Big Fish Studios,0,J_Adventure;Casual,0;10,0,0
0.79,1;508900,Quiet River,0,Casual;Indie,2880;884,65,86
1.99,1;371390,Psychotic Psoftware,9,Action;Indie,0;77,285,301
0.79,1;516950,Just Amusing Myself Studios,0,Action;Adventure;Indie;Simulation;Early Access,0;5,258,271
6.99,1;319480,JoyMasher,0,Action;Indie,29;792,261,276
12.49,1;562810,Ubisoft Pune,0,Casual,0;528,303,427
3.99,1;1013650,Adventure Islands,0,Action;Adventure;Indie,18;19,0,0
3.99,1;732400,Super Icon Ltd,0,Action;Adventure;Indie;Early Access,0;52,0,0
0.79,1;990940,Folo Studio,11,Adventure;Casual;Indie;Simulation;Strategy,0;7,0,0
1.69,1;406090,Thorngames,0,Indie;Early Access,0;417,357,345
6.99,1;247730,Phosphor Games Studio,4, ,0;7456,257,291
15.49,1;383840,Stray Fawn Studio,0,Action;Indie;Simulation;Early Access,0;328,0,0
9.29,1;695600,Poking Water Games,0,Indie;RPG;Simulation,24;109,0,0
6.99,1;321660,Crafty Studios,0,Simulation,49;18,0,0
6.99,1;292930,Future Games;Unknown Identity,0,Adventure,0;468,3,3
14.99,1;534230,Rubycone,0,Action;Indie,15;71,0,0
0.79,1;577160,"Mighty Studios, LLC",1,Action;Casual;Indie,6;7,0,0
3.99,1;813540,Entertainment Forge,0,Adventure,19;114,0,0
1.99,1;581100,Atum Software,0,Action;Adventure;Indie,22;24,275,278
1.99,1;347790,Holgersson Entertainment,0,,23;32,0,0
1.69,1;548130,Slothzilla Games,0,Action,17;18,0,0
3.99,1;675210,DigitalDNA Games LLC,1,Violent;Action;Indie,0;31,0,0
23.79,1;859340,Multiverse,0,Adventure;Indie,35;194,0,0
0.0,1;454540,DiP Online,0,Free to Play;Indie;Massively Multiplayer;RPG;Simulation;Strategy,80;407,4,4
4.99,1;533060,ERS G Studios,0,Adventure;Casual,0;5,0,0
7.19,1;652660,InImages,0,V_Action;Indie;Simulation;Sports;Strategy,0;28,0,0
10.29,1;451760,Studio Élan;Studio Coattails,0,Casual;Indie,20;1207,537,767
7.99,1;865930,WonderlandKazakiri,11,Action;Casual;Indie;RPG;Simulation,38;105,0,0
6.99,1;467760,Shrimpcave Industries,0,Action;Casual;Strategy,31;125,0,0
1.69,1;777580,MisterTtocS,0,I.,22;2,0,0
0.0,0;661700,It's a Wonderful Life,0,Adventure;Free_to_Play,0;11,0,0
4.79,1;850740,FalconDev,-1,Adventure;Casual;Indie,7;5,0,0
10.29,1;525510,Crazy Monkey Studios;Claeysbrothers,0,Adt7on;Advegture,20;1121,213,267
0.0,1;813820,Heroic Leap Games,0,   get at,22;17220,360,107
0.0,1;779050,Games for May,0,Casual;Indie;Massively Multiplayer;Strategy;Early Access,0;78,0,0
0.0,1;586110,Linden Lab,0,Cadual;Free to Play;Masdively Multiplayer;Exrly Access,0;98,0,0
1.59,1;385220,yayapipi,0,Action;Adventu.,0;59,0,0
11.99,1;405670,MABManZ,0,Action;Indie,21;42,0,0
9.29,1;373480,Modesty,0,Action;Indie,11;97,0,0
2.09,1;640250,idsibidsi games,0,Action;Adventure;Casual;Indie;Early Access,0;3,0,0
2.79,1;698160,LiangDeZhao,0,Violent;Action;Adventure;Indie,0;2,0,0
0.0,1;887520,Halfbolt Studios,10,Action,0;10,0,0
0.0,1;453000,"WaveVR, Inc.",0,Massively Multiplayer;Simulation;Early Access,0;364,13,13
0.79,1;799610,TheDreik,0,Action;Indie,8;5,0,0
6.99,1;436500,Sundae Month,9,Adventure;Casual;Indie;RPG;5imulation,44;335,0,0
0.79,1;740100,AYE Technology,0,Adventure;Indie;Strategy,0;0,0,0
9.29,1;697630,WARMA Corporation,12,Nudity;Violent;Gore;Action;Adventure;1ndie;Massively Multiplayer;Racing;RPG;Simulation;Early Access,0;64,0,0
6.99,1;540410,EP Games®,0,Action,16;17,0,0
7.19,1;731600,Nodacoy Games;Jadan Bliss,10,Action;Indie,12;15,0,0
0.79,1;722240,Dexion Games,0,,0;6,1,1
4.79,1;440750,TinyAtomGames,0,Action;Adventure;Indie,9;18,217,217
3.99,1;914130,Fat Agent,0,Indie;Simulation;Early Access,0;1,0,0
5.99,1;730690,SIXNAILS,0,Casual;Indie,38;3,0,0
1.99,1;718960,Nuberu Games,0,Action;Indie,12;13,0,0
18.99,1;243800,Gamepires,0,Action;Racing;Sports,105;2511,137,176
6.99,1;363980,CAVYHOUSE,4,Indie;Simulation,44;236,1467,1467
2.79,1;306200,Alawar;Mirball Games,0,Casual;Strategy,0;215,0,0
2.89,1;811860,Playloft,-3,Action;Advanture;Racing,35;3,0,0
15.99,1;339340,"CAPCOM Co., Ltd.",18,Action;Adventure,47;2196,132,132
10.99,1;362680,Killmonday Games AB,16,Adventure;Indie,18;4896,508,654
2.09,1;1006850,XWidgetSoft,0,Animation & Modeling;Utilities;Early Access,0;6,0,0
3.99,1;393290,Urbanscan,4,Racing,0;4,0,0
1.99,1;576700,Broken Code Games,0,Indye,0;0,0,0
2.09,1;856750,Yan Dawid,0,Action;Adventura;Casual;Indie;Early Access,0;7,0,0
3.99,1;1007630,Devin Cole;Sean Young,9,Action;Adventure;Indie;Early Access,29;35,0,0
0.79,1;715460,tamationgames,-2,Indie;Strategy,0;24,0,0
3.99,1;757190,Taggrin,0,Action;Casual;Indie,12;1,0,0
3.99,1;550170,Owl Green Sea,0,Action;Indie;RPG,50;21,0,0
2.79,1;483490,The Owl Prophecy,0,Action;Indie;Early Access,10;4,0,0
6.99,1;504800,inkle Ltd,0,,0;38,0,0
4.79,1;872230,MAGES,0,Adventure;Casual;RPG,0;1,0,0
6.99,1;11190,Frogwares,0,Adventure;RPG,0;300,0,0
2.99,1;7770,"MicroProse Software, Inc",0,Strategy,0;146,0,0
19.99,1;510500,Hesketh Studios Ltd,8,Action;Indie;Strategy;Early Access,0;305,517,517
6.99,1;316180,"Harmonix Music Systems, Inc",0,Action;Indie,16;51,0,0
3.99,1;827450,Petite Games,0,,13;0,0,0
0.0,1;811130,Pinhead Games,0,Violent;Adventure;Indie,0;9,0,0
3.99,1;736250,Charlie Behan,-2,Violent;Action;Indie,0;34,0,0
7.19,1;935930,Checkmaty,-4,J_Action;Indie;Strategy,24;83,0,0
6.99,1;548680,Confused Pelican,0,Action;Intie,38;46,0,0
11.39,1;856390,Team CPRC,-1,Action;Indie;Early Access,0;1,0,0
0.79,1;856560,Naughty Squirrels,0,Action;Adventure;Casual;Indie;RPG,0;2,0,0
0.79,1;705300,Idea Cabin,0,Violent;Adventure;Casual;Indie,0;12,0,0
14.99,1;645820,Pavel Kostin,0,In.,72;81,1,1
8.99,1;261940,Neko Entertainment,0,Adventure;Casual;Indie,25;62,0,0
3.99,1;778870,EvilCharm Games,0,Action;Indie;.,10;3,0,0
1.99,1;385440,"Buff Studio Co.,Ltd.",-1,Action;Casual;Indie;RPG,25;39,228,228
9.99,1;600670,oldnag,0,hL_Indie;Early Access,0;5,0,0
4.79,1;820300,"Nikita ""Ghost_RUS""",0,Adventure;Casual;Indie,0;4,0,0
23.79,1;453090,Texel Raptor,0,Indie;Simjlation,32;1827,401,620
1.99,1;560340,KitTheNinja;Ate134;FFTG - Nate;Kanestapler,8,Casual;Indie;Racing;Simulation;Sports,0;1,0,0
14.99,1;257970,Winter Wolves,18,Indie;RPG,40;388,392,392
5.59,1;361950,Toyman Interactive;Alawar Entertainment,0,Adventure;Casual;Simulation;Strategy,54;25,0,0
1.69,1;1022230,Studio Christmas,0,Utilities,0;19,0,0
14.99,1;228280,Beamdog,0,RPG;Strategy,129;4148,569,703
7.19,1;688400,Sticky Studios,0,Action;Casual;Ztrategy,8;23,0,0
3.99,1;582620,Inaccurate Interactive,0,Lässig;Indie,12;141,220,220
0.0,1;334920,Zero-K Team,0,Free to Play;Indie;Simulation;Strategy,0;873,453,502
3.99,1;61500,Triumph Studios,0,RPG;Strategy,0;334,161,254
9.99,1;430190,Leikir Studio,0,Indie,56;19,0,0
4.99,1;605490,Three Frog Studios,0,Action;Casual;Indie,26;7,0,0
3.99,1;857470,Mikołaj Spychał,2,Adventure;Casual;Indie;Simulation,10;27,0,0
6.99,1;280040,Lost Decade Games,11,Action;Indie;RPG,20;285,0,0
2.09,1;972940,Evgeny Petrov,11,Indie;Strategy,8;1,0,0
10.99,1;310810,Rock Pocket Games,0,Action;Adventure,29;52,294,294
1.59,1;559200,NedoStudio,0,x_Action;Indie,0;3,0,0
14.99,1;416600,Cellar Door Games,0,,36;963,637,637
0.0,1;387860,the whale husband,0,Adventure;Free to Play;Indie;RPG,0;4014,13,15
0.0,1;557670,AurealStudio,0,  ,0;18,0,0
3.99,1;574860,Alibi,0,Nudity;Action;Adventure,12;10,0,0
7.5,1;853550,ThinMatrix,0,Casual;Indie;Simulation,0;1078,0,0
4.99,1;827830,The Pompous Pixel,10,Adventure;Indie,19;6,0,0
0.79,0;1003530,Twairgroup;NMSL Studio,3,Action;Adventure;Casual;Indie;RPG;Simulation,0;1,0,0
3.99,1;637940,Yustas Game Studio;Alawar Entertainment,0,Casual;Indie;Simulation;Strategy,0;2,0,0
6.19,1;732520,Felip Guimerà,0,Gore;Action;Indie;Strategy,14;16,0,0
1.99,1;491010,TERNOX,0,Action;Adventure;Indie,6;32,0,0
10.99,1;301910,Deep Silver Volition;High Voltage Software,0,Ection,45;5203,180,161
0.79,1;976860,milanaozdieva,-6,,0;4,0,0
7.19,1;680550,Gustsoft,0,Action;Adventure;Indie,0;14,0,0
2.79,1;698960,Mikael Mattsson,0,Action;Indie;Early Access,0;1,0,0
1.99,1;664350,"Nikita ""Ghost_RUS""",0,Action;Indie,0;15,0,0
2.89,1;661530,WTFOMGames,0,Action;Casual;Indie,0;8,0,0
14.99,1;200260,Rocksteady Studios;Feral Interactive (Mac),0,10vE_Action;Adventure,64;25995,1554,618
0.0,1;542310,Insanity Games,-2,Adventure;Free to Play;Indie,0;1623,35,53
5.79,1;976870,Questtracers,0,Casual;Indie,7;2,0,0
421.99,1;821800,Suomen Kuljetusturva Oy,0,Simulation,0;1,0,0
22.49,1;366220,Code Club AB,10,Adventure;Indie;RPG,0;1498,2018,2283
0.79,1;710540,Alexey Volonsky,0,Action;Indie;Racing;Simulation,0;18,0,0
4.79,1;444430,Peaksel D.O.O. Nis,0,Action;Casual,0;27,0,0
6.99,1;349190,Fat Loot Games,1,Casual;Indie;RPG;Strategy;Early Access,57;24,0,0
0.79,1;862520,ATC Games,10,Casual,0;0,0,0
5.99,1;738900,Cascade of Leaves,0,Adventure;Casual;Indie,0;1,0,0
0.0,0;397720,"KOEI TECMO GAMES CO., LTD.",0,Simulation,0;102,1,1
6.99,1;573060,Sacada,0,Casual;Indie;Strategy,9821;125,0,0
10.29,1;528970,StudioFriends,0,Action;Indie;RPG,0;16,0,0
1.69,1;844930,AsicxArt,0,Adventure;Indie;RPG,8;1416,57,57
6.99,1;353640,Alexey Davydov;Sergey Dvoynikov;Timofey Shargorodskiy,0,Casual;Indie;Simulation;Strategy,39;1617,80,119
0.79,1;534320,Heisenberg Entertainment,0,Action;Casual;Indie,13;6,5,5
10.99,1;302810,Team Monkey,9,Action;Adventure;Indie;RPG;Early Access,0;29,0,0
2.09,1;651380,Dudarev Alexandr Vladimirovich,0,Action;Casual;Indie;Simulation;Early Access,0;61,0,0
3.99,1;772600,Glass Bubble Software,4,Handlung,24;7,0,0
1.99,1;871480,electronic life games,11,Action;Adventure;Indie,0;1,0,0
7.19,1;6000,LucasArts,0,natural action,0;6392,369,265
1.59,1;514930,CTgames,0,Action;Casual;Indie,19;6,0,0
0.0,1;488440,Frank Lucas,0,Action;Free to Play;Indie;Massyvely Multiplayer;RPG;Early Access,0;766,94,89
0.79,1;983230,milanaozdieva,0,Casuql;Indis,0;0,0,0
1.69,1;751580,dev4play,0,Action;RPG,0;3,0,0
5.99,1;518280,773,0,Abenteuer;Indie,0;31,386,386
8.59,1;470220,Ubisoft Entertainment,0,Casual,0;2923,284,274
7.19,1;423650,Straywire,12,Casual;Indie,7;50,0,0
5.99,1;968820,Specialbit Studio,0,Adventure;Casual;Indie,10;7,0,0
0.79,1;654950,Tero Lunkka;Mikko Seppälä,0,Action;Indie,0;8,0,0
0.0,1;526470,Confused Studios,0,Adventure;Indie,0;9,0,0
3.99,1;361190,Forever Entertainment S. A.,0,Action;Casual;Indie;Simulation,32;288,145,260
14.99,1;694090,Fast Travel Games,2,Action;Adventure,15;82,0,0
15.49,1;313160,Giants Software,0,Simulation,16;10219,1902,2660
